path,location,text
README.md,line 3,[![Reproducibility](https://github.com/cero1979/BisimulationMol/actions/workflows/reproduce.yml/badge.svg)](https://github.com/cero1979/BisimulationMol/actions/workflows/reproduce.yml)
README.md,line 16,"`0.9975845917160132`; A/B are weakly bisimilar, while C has neither simulation"
README.md,line 20,"The R2 mathematical audit retains Example 1: early is simulated by late, not"
README.md,line 21,"conversely, despite exact trace equality. A new raw-edge independent oracle,"
README.md,line 60,interfaces. Weak bisimulation at A/B becomes non-comparability at C while
README.md,line 76,weaken from one-way simulation to non-comparability.
README.md,line 77,3. **Independent simulation oracle.** A separately coded attacker-defender
README.md,line 92,"| Central GIM comparison | A/B: weak bisimulation; C: neither direction; PN-GDDA unchanged at 0.9976 | Correspondence is conditional on the declared biological readout, not organism-level equivalence |"
README.md,line 93,"| Six construction-ground-truth pairs | 6/6 formal classes recovered | The implementation distinguishes equivalence, directional simulation and non-comparability |"
README.md,line 95,"| Exhaustive simulation-game oracle | 67,600/67,600 ordered pairs agree | Directional simulation has an independent audit on the declared finite universe |"
README.md,line 97,| Native Petri-net comparison | All five PN-GDDA scores are 0.991-1.000 while formal classes range from weak equivalence to non-comparability | Local Petri-net structure does not determine labeled reachable behavior |
README.md,line 98,| GIM interface sensitivity | A/B: weak bisimulation and `d6=0`; C: neither simulation direction and `d6=0.352941`; PN-GDDA fixed at `0.9976` | Encoded high-level correspondence breaks when organism-specific terminal mechanisms are observed |
README.md,line 101,| Asynchronous/synchronous stress | 7/9 classes preserved | Two containment conclusions are explicitly update-semantics dependent |
README.md,line 103,"| Formal relation versus experimental distance | Six one-way and three non-comparable pairs, with direction retained; no scalar class test | The relation is nominal/directional and `n=9` is too small for an ordinal association claim |"
README.md,line 113,"[`results/simulation_oracle_exhaustive.csv`](results/simulation_oracle_exhaustive.csv),"
README.md,line 122,"equivalence, weak equivalence, two directions of one-way simulation, and two"
README.md,line 123,non-comparable cases. On the binary weak-equivalence task:
README.md,line 127,| Weak bisimulation | 1.000 | 0 | 0 |
README.md,line 128,| Trace equality at depth 8 | 0.833 | 1 | 0 |
README.md,line 142,"and label-order swap tie both positive controls at `1.0`. On native nets, even RCD (one-way simulation) scores `1.0000`"
README.md,line 143,and AID (not comparable) scores `0.9907`.
README.md,line 164,18 strong/weak decisions: six cross-cell pairs have one-way simulation and
README.md,line 165,three are not comparable. The former scalar formal-class coding was removed
README.md,line 166,because the relation categories are not ordinal and one-way simulation is
README.md,line 168,"three pairs with no simulation, and performs no class/RMSE inferential test."
README.md,line 172,updating preserves seven classes and changes two one-way simulations to
README.md,line 173,non-comparability. These negative and sensitivity results delimit the method;
README.md,line 194,"weakly bisimilar; Interface C distinguishes apoptosis, SMR induction and the"
README.md,line 195,encoded plant terminal outcome and is non-comparable in both directions. RCD is
README.md,line 196,"a secondary one-way-containment case, while DCE, SPS and AID are supporting"
README.md,line 208,src/simulation_oracle.py          Independent game oracle and exhaustive LTS audit
README.md,line 216,tests/test_simulation_oracle.py    Exhaustive one-/two-state preorder agreement
README.md,line 282,"Both masters contain inline bibliographies; no `.bib`, `.bbl`, or `.bst` is"
README.md,line 305,The public repository is <https://github.com/cero1979/BisimulationMol>.
REPRODUCIBILITY.md,line 3,"This repository contains the source models, formal engine, independent"
REPRODUCIBILITY.md,line 27,The independent simulation audit is implemented in
REPRODUCIBILITY.md,line 28,`src/simulation_oracle.py`; it enumerates the complete declared small-LTS
REPRODUCIBILITY.md,line 35,"mCRL2 on all strictness witnesses, including both simulation directions only"
REPRODUCIBILITY.md,line 37,`left_simulated_by_right` / `right_simulated_by_left` fields.
REPRODUCIBILITY.md,line 73,conda run -n bisimulationmol-hpn python scripts/run_caspots_hpn_validation.py --repeats 2
REPRODUCIBILITY.md,line 117,"simulation direction, reject obsolete ordinal class fields, and check deterministic scaling"
REPRODUCIBILITY.md,line 118,metadata. They also exhaustively compare the independent simulation game on
REPRODUCIBILITY.md,line 133,justification table. Expected formal classes are weak bisimulation for A and B
REPRODUCIBILITY.md,line 134,and non-comparability for C; PN-GDDA remains unchanged because the structures
REPRODUCIBILITY.md,line 167,"This exports AUT files to a temporary directory, checks strong bisimulation,"
REPRODUCIBILITY.md,line 168,"weak bisimulation and exact weak-trace equivalence with mCRL2, and runs the"
REPRODUCIBILITY.md,line 169,independent exhaustive weak-simulation game audit.
REPRODUCIBILITY.md,line 179,"Python/mCRL2 agreement, and preserves both simulation directions. Formal classes"
REPRODUCIBILITY.md,line 211,| `results/simulation_oracle_exhaustive.csv` | Exhaustive one-/two-state simulation-game audit | Yes |
REPRODUCIBILITY.md,line 251,"PN-GDDA/Holmes audit, graphlet/trace baselines, exhaustive simulation audit,"
REPRODUCIBILITY.md,line 286,changes; assembly regenerates the self-contained main source and diff.
REPRODUCIBILITY.md,line 330,"the controlled transformations, that the production simulation preorder agrees"
REPRODUCIBILITY.md,line 332,weak bisimulation at A/B to non-comparability at C without structural changes.
revision_R2/main_jbcb_R2.tex,line 29,\newcommand{\strongsim}{\mathrel{\sim_{s}}}
revision_R2/main_jbcb_R2.tex,line 30,\newcommand{\weaksim}{\mathrel{\sim_{w}}}
revision_R2/main_jbcb_R2.tex,line 31,\newcommand{\weakpre}{\mathrel{\preceq_{w}}}
revision_R2/main_jbcb_R2.tex,line 37,"pdfkeywords={DNA-damage response, observational resolution, qualitative biological networks, model comparison, Petri nets, weak bisimulation}"
revision_R2/main_jbcb_R2.tex,line 67,bisimilar. Distinguishing mammalian apoptosis from the encoded plant SMR and
revision_R2/main_jbcb_R2.tex,line 68,"differentiation/endoreduplication sequence eliminates both simulation directions,"
revision_R2/main_jbcb_R2.tex,line 79,\keywords{DNA-damage response; observational resolution; qualitative biological networks; model comparison; Petri nets; weak bisimulation.}
revision_R2/main_jbcb_R2.tex,line 116,is weak bisimulation; matching in one direction is weak simulation. Internal
revision_R2/main_jbcb_R2.tex,line 132,pathway-resolved observations retain weak bisimilarity. Exposing distinct
revision_R2/main_jbcb_R2.tex,line 133,terminal mechanisms makes the models non-comparable in both directions. The
revision_R2/main_jbcb_R2.tex,line 140,Secondary curated comparisons illustrate one-way matching; an exploratory
revision_R2/main_jbcb_R2.tex,line 287,\subsection{Simulation and bisimulation}\label{sec:relations}
revision_R2/main_jbcb_R2.tex,line 291,\begin{definition}[Weak simulation]\label{def:weak-simulation}
revision_R2/main_jbcb_R2.tex,line 292,A relation $R\subseteq S_1\times S_2$ is a weak simulation from $L_1$ to $L_2$
revision_R2/main_jbcb_R2.tex,line 295,\begin{equation}\label{eq:simulation-orientation}
revision_R2/main_jbcb_R2.tex,line 296,L_1\weakpre L_2
revision_R2/main_jbcb_R2.tex,line 299,$L_2$ simulates the left-hand system $L_1$; the left-hand behavior is contained
revision_R2/main_jbcb_R2.tex,line 303,\begin{definition}[Weak and strong bisimulation]\label{def:bisimulation}
revision_R2/main_jbcb_R2.tex,line 304,A relation $R\subseteq S_1\times S_2$ is a weak bisimulation if it satisfies the
revision_R2/main_jbcb_R2.tex,line 305,"condition in Definition \ref{def:weak-simulation} and, for every $(x,y)\in R$ and"
revision_R2/main_jbcb_R2.tex,line 307,"initial systems are weakly bisimilar, written $L_1\weaksim L_2$, when their"
revision_R2/main_jbcb_R2.tex,line 308,"initial pair belongs to such a relation. Strong bisimulation, written"
revision_R2/main_jbcb_R2.tex,line 309,"$L_1\strongsim L_2$, replaces every weak target set $W_a^i(x)$ by the direct"
revision_R2/main_jbcb_R2.tex,line 314,The explicit orientation in \eqref{eq:simulation-orientation} prevents the common
revision_R2/main_jbcb_R2.tex,line 315,ambiguity between ``simulates'' and ``is simulated by'' in one-way results.
revision_R2/main_jbcb_R2.tex,line 337,"exact weak-trace equivalence. Exact weak-trace results come from mCRL2, acyclic path enumeration,"
revision_R2/main_jbcb_R2.tex,line 349,"\mathsf{strong}, & L_1\strongsim L_2,\\"
revision_R2/main_jbcb_R2.tex,line 350,"\mathsf{weak}, & L_1\not\strongsim L_2\text{ and }L_1\weaksim L_2,\\"
revision_R2/main_jbcb_R2.tex,line 351,"\mathsf{mutual}, & L_1\not\weaksim L_2,\ L_1\weakpre L_2,\ L_2\weakpre L_1,\\"
revision_R2/main_jbcb_R2.tex,line 352,"\mathsf{left\_in\_right}, & L_1\weakpre L_2,\ L_2\not\weakpre L_1,\\"
revision_R2/main_jbcb_R2.tex,line 353,"\mathsf{right\_in\_left}, & L_2\weakpre L_1,\ L_1\not\weakpre L_2,\\"
revision_R2/main_jbcb_R2.tex,line 366,The first two cases are selected before any simulation-only case. If neither is
revision_R2/main_jbcb_R2.tex,line 367,"selected, the two simulation predicates have exactly four Boolean combinations:"
revision_R2/main_jbcb_R2.tex,line 388,"\item Evaluate strong and weak bisimilarity and both simulation directions,"
revision_R2/main_jbcb_R2.tex,line 395,Example~\ref{ex:branching} provides an explicit simulation witness and
revision_R2/main_jbcb_R2.tex,line 396,a failed-successor proof for equal traces with one-way simulation.
revision_R2/main_jbcb_R2.tex,line 425,"interface comparison: A and B are weakly bisimilar; C is non-comparable,"
revision_R2/main_jbcb_R2.tex,line 434,strongly bisimilar. The result licenses comparison at the declared shared
revision_R2/main_jbcb_R2.tex,line 440,loss of proliferative capacity remains a common observation. Both simulation
revision_R2/main_jbcb_R2.tex,line 441,directions and weak bisimilarity hold; strong bisimilarity does not.
revision_R2/main_jbcb_R2.tex,line 450,bisimilarity and both simulation directions fail. This is not an unexpected
revision_R2/main_jbcb_R2.tex,line 459,\tbl{Recomputed GIM results. Animal$\preceq$Plant means that the plant model
revision_R2/main_jbcb_R2.tex,line 460,simulates the animal model; Plant$\preceq$Animal is the reverse.
revision_R2/main_jbcb_R2.tex,line 461,Strong bisimilarity is false throughout.\label{tab:gim-sensitivity}}{
revision_R2/main_jbcb_R2.tex,line 464,Interface & Animal$\preceq$Plant & Plant$\preceq$Animal & Class & $d_6$ & PN-GDDA\\
revision_R2/main_jbcb_R2.tex,line 466,A: coarse & Y & Y & weak bisimulation & 0.0000 & 0.9976\\
revision_R2/main_jbcb_R2.tex,line 467,B: pathway & Y & Y & weak bisimulation & 0.0000 & 0.9976\\
revision_R2/main_jbcb_R2.tex,line 468,C: terminal & N & N & non-comparable & 0.3529 & 0.9976\\
revision_R2/main_jbcb_R2.tex,line 500,"manually curated models contain no kinetics, concentrations, tissue context, or"
revision_R2/main_jbcb_R2.tex,line 505,not strongly bisimilar; RCD gave plant-in-animal one-way simulation; AID was
revision_R2/main_jbcb_R2.tex,line 506,non-comparable. Table~\ref{tab:case} juxtaposes these classes with native
revision_R2/main_jbcb_R2.tex,line 519,GIM & DNA repair & weak bisimulation & 0.000 & 0.9976 & 0.9975 \\
revision_R2/main_jbcb_R2.tex,line 520,DCE & energy metabolism & weak bisimulation & 0.000 & 0.9969 & 0.9968 \\
revision_R2/main_jbcb_R2.tex,line 521,SPS & cell-cycle control & weak bisimulation & 0.000 & 1.0000 & 1.0000 \\
revision_R2/main_jbcb_R2.tex,line 523,AID & immune control & non-comparable & 0.429 & 0.9907 & 0.9904 \\
revision_R2/main_jbcb_R2.tex,line 528,"RCD supplies a secondary directional result: both encoded nets contain stress,"
revision_R2/main_jbcb_R2.tex,line 531,"event. The plant LTS is weakly simulated by the animal LTS, whereas the reverse"
revision_R2/main_jbcb_R2.tex,line 532,direction fails. This means containment only for the declared labels of these
revision_R2/main_jbcb_R2.tex,line 545,"families contain 72 BT20, 191 BT549, and 21 MCF7 Boolean networks."
revision_R2/main_jbcb_R2.tex,line 548,contains seven measured PI3K/MAPK/mTOR readouts under three shared held-out
revision_R2/main_jbcb_R2.tex,line 552,The nine asynchronous pair--condition comparisons contain six one-way
revision_R2/main_jbcb_R2.tex,line 553,simulations and three non-comparable pairs. The six directions comprise three
revision_R2/main_jbcb_R2.tex,line 594,"External equivalence & mCRL2 on six synthetic, six public-model controls, and nine HPN pairs & 42/42 strong/weak-bisimilarity decisions agree. \\"
revision_R2/main_jbcb_R2.tex,line 595,Directional audit & Raw-edge attacker--defender game on 32 model pairs and three hierarchy witnesses & No disagreement on either weak-simulation direction or strong/weak bisimilarity. \\
revision_R2/main_jbcb_R2.tex,line 596,"Exhaustive finite check & All 260 one-/two-state LTSs over $\{a,\tau\}$; 67,600 ordered pairs & No simulation or weak-bisimulation discrepancy; no hierarchy or trace-inclusion violation. \\"
revision_R2/main_jbcb_R2.tex,line 607,\cite{Bunte2019} Its simulation-preorder checks are used only for the two
revision_R2/main_jbcb_R2.tex,line 608,"tau-free hierarchy witnesses, where strong and weak simulation coincide;"
revision_R2/main_jbcb_R2.tex,line 617,"establishes early-to-late simulation, failure of the reverse, and exact trace"
revision_R2/main_jbcb_R2.tex,line 636,labeled trace equality or simulation in general (Proposition
revision_R2/main_jbcb_R2.tex,line 652,"the animal model, not conversely. Simulation is stronger than saying that"
revision_R2/main_jbcb_R2.tex,line 682,\cite{Pauleve2020} Weak bisimulation here is divergence-insensitive and concerns
revision_R2/main_jbcb_R2.tex,line 712,but become non-comparable when their encoded terminal mechanisms are separately
revision_R2/main_jbcb_R2.tex,line 731,"\Phi_{\preceq}(R)=\{(x,y)\in U:"
revision_R2/main_jbcb_R2.tex,line 734,"\Phi_w(R)=\{(x,y)\in\Phi_{\preceq}(R):"
revision_R2/main_jbcb_R2.tex,line 736,"(x',y')\in R\},\label{eq:weak-bisim-operator}\\"
revision_R2/main_jbcb_R2.tex,line 741,"(x',y')\in R\}.\label{eq:strong-bisim-operator}"
revision_R2/main_jbcb_R2.tex,line 745,"For each $\Phi\in\{\Phi_{\preceq},\Phi_w,\Phi_s\}$, the operator is monotone."
revision_R2/main_jbcb_R2.tex,line 750,"weak simulation in the orientation of Definition \ref{def:weak-simulation}, weak"
revision_R2/main_jbcb_R2.tex,line 751,"bisimilarity, and strong bisimilarity."
revision_R2/main_jbcb_R2.tex,line 768,transfer clauses of Definitions \ref{def:weak-simulation} and
revision_R2/main_jbcb_R2.tex,line 769,\ref{def:bisimulation}.
revision_R2/main_jbcb_R2.tex,line 783,L_1\strongsim L_2
revision_R2/main_jbcb_R2.tex,line 784,\Longrightarrow L_1\weaksim L_2
revision_R2/main_jbcb_R2.tex,line 786,(L_1\weakpre L_2\ \land\ L_2\weakpre L_1)
revision_R2/main_jbcb_R2.tex,line 794,"bisimulation is a weak simulation. If $L_1\weakpre L_2$, induction along any"
revision_R2/main_jbcb_R2.tex,line 797,$L_w(L_1)\subseteq L_w(L_2)$; the reverse simulation gives equality.
revision_R2/main_jbcb_R2.tex,line 800,"$a.(b+c)+a.b$ with $a.(b+c)$: each simulates the other, but the $a.b$ successor"
revision_R2/main_jbcb_R2.tex,line 801,cannot be bisimilar to a state offering both $b$ and $c$.
revision_R2/main_jbcb_R2.tex,line 807,exact weak-trace languages; $X\preceq Y$ means $Y$ simulates $X$.
revision_R2/main_jbcb_R2.tex,line 813,"Weak implies strong bisimilarity & $a.0$, $a.\tau.0$ & weak, not strong\\"
revision_R2/main_jbcb_R2.tex,line 814,"Mutual simulation implies weak bisimilarity & $a.(b+c)+a.b$, $a.(b+c)$ & both directions, not weak\\"
revision_R2/main_jbcb_R2.tex,line 815,"Exact trace equality implies mutual simulation & late choice, early choice & early$\preceq$late only\\"
revision_R2/main_jbcb_R2.tex,line 821,$y_{bc}$ for the sole $a$-successor of $Y$. A simulation from $X$ to $Y$
revision_R2/main_jbcb_R2.tex,line 823,pairs. A simulation from $Y$ to $X$ relates $y_{bc}$ only to $x_{bc}$.
revision_R2/main_jbcb_R2.tex,line 824,Both initial pairs therefore survive. A bisimulation would additionally need
revision_R2/main_jbcb_R2.tex,line 827,not the trace-equality converse refuted by Example~\ref{ex:branching}.
revision_R2/main_jbcb_R2.tex,line 831,Let $L$ contain $p\xrightarrow{a}q$ with $a\in\Sigma$ and $p\neq q$. Construct
revision_R2/main_jbcb_R2.tex,line 837,where $r$ is fresh and has no other incident behavior. Then $L\weaksim L'$.
revision_R2/main_jbcb_R2.tex,line 838,Repeated refinements of this form also preserve weak bisimilarity. If $p$ and
revision_R2/main_jbcb_R2.tex,line 841,then $L\not\strongsim L'$.
revision_R2/main_jbcb_R2.tex,line 852,"moves at $q$. Hence $R$ is a weak bisimulation, and repetition follows by"
revision_R2/main_jbcb_R2.tex,line 856,$x$. Thus strong bisimilarity fails.
revision_R2/main_jbcb_R2.tex,line 863,"equality, weak simulation or weak bisimilarity for labeled systems in general."
revision_R2/main_jbcb_R2.tex,line 894,An explicit simulation from early to late is
revision_R2/main_jbcb_R2.tex,line 902,$L_{\mathrm{early}}\weakpre L_{\mathrm{late}}$.
revision_R2/main_jbcb_R2.tex,line 904,"Conversely, suppose a simulation $R$ from late to early contains"
revision_R2/main_jbcb_R2.tex,line 910,$L_{\mathrm{late}}\not\weakpre L_{\mathrm{early}}$. Weak bisimilarity
revision_R2/main_jbcb_R2.tex,line 917,the $e_c$ branch for $ac$ independently; simulation cannot combine those two
revision_R2/main_jbcb_R2.tex,line 957,\url{https://github.com/cero1979/BisimulationMol}. The second-revision source and audits are in \texttt{revision\_R2/}.
revision_R2/main_jbcb_R2.tex,line 1050,"Sangiorgi D, \emph{Introduction to Bisimulation and Coinduction}, Cambridge"
revision_R2/main_jbcb_R2.tex,line 1139,"Formanowicz P, Holmes: A graphical tool for development, simulation and"
revision_R2/Supplementary_Validation_R2.tex,line 29,\newcommand{\strongsim}{\mathrel{\sim_{s}}}
revision_R2/Supplementary_Validation_R2.tex,line 30,\newcommand{\weaksim}{\mathrel{\sim_{w}}}
revision_R2/Supplementary_Validation_R2.tex,line 31,\newcommand{\weakpre}{\mathrel{\preceq_{w}}}
revision_R2/Supplementary_Validation_R2.tex,line 37,"pdfkeywords={DNA-damage response, observational resolution, qualitative biological networks, model comparison, Petri nets, weak bisimulation}"
revision_R2/Supplementary_Validation_R2.tex,line 82,Label mismatch & replace an observable & not comparable & not comparable \\
revision_R2/Supplementary_Validation_R2.tex,line 83,"Order swap & preserve counts, change order & not comparable & not comparable \\"
revision_R2/Supplementary_Validation_R2.tex,line 90,"On this construction-level decision task, weak bisimulation recovered all six"
revision_R2/Supplementary_Validation_R2.tex,line 92,trace equality recovered 5/6 but accepted the trace-equivalent branching pair;
revision_R2/Supplementary_Validation_R2.tex,line 105,label. (b) Agreement count on this limited task. Trace equality loses branching;
revision_R2/Supplementary_Validation_R2.tex,line 141,"independently checked strong bisimilarity, weak bisimilarity, and exact weak-trace"
revision_R2/Supplementary_Validation_R2.tex,line 142,equivalence with \texttt{tau} hidden. Its interface does not expose a general weak-simulation preorder. For
revision_R2/Supplementary_Validation_R2.tex,line 144,"uses its strong-simulation preorder, which coincides with weak simulation"
revision_R2/Supplementary_Validation_R2.tex,line 146,weak-preorder claim is made for systems containing silent transitions.
revision_R2/Supplementary_Validation_R2.tex,line 149,which an unmatched move can be forced. It agreed with the production simulation
revision_R2/Supplementary_Validation_R2.tex,line 191,exact weak-trace equivalence.\label{tab:public-controls}}{
revision_R2/Supplementary_Validation_R2.tex,line 209,The public HPN-DREAM phosphoproteomic series and CASPOTS Boolean families contain
revision_R2/Supplementary_Validation_R2.tex,line 249,bisimilar: six had one-way simulation and three were not comparable. Direction
revision_R2/Supplementary_Validation_R2.tex,line 255,one-way relations and 0.2071 for the three non-comparable pairs; after preserving
revision_R2/Supplementary_Validation_R2.tex,line 278,profile RMSE with the direction of weak simulation retained. Horizontal bars
revision_R2/Supplementary_Validation_R2.tex,line 289,"reinterpretation of simulation. Instead, the R2 audit independently constructs"
revision_R2/Supplementary_Validation_R2.tex,line 305,HPN comparisons) agree on strong/weak bisimilarity and both weak-simulation
revision_R2/Supplementary_Validation_R2.tex,line 308,explicitly state \texttt{left\_simulated\_by\_right} and
revision_R2/Supplementary_Validation_R2.tex,line 309,\texttt{right\_simulated\_by\_left}.
revision_R2/Supplementary_Validation_R2.tex,line 311,The complete one-/two-state universe contains 260 named LTSs over
revision_R2/Supplementary_Validation_R2.tex,line 313,audit found no simulation or weak-bisimulation disagreement and no failure of
revision_R2/Supplementary_Validation_R2.tex,line 314,the hierarchy or trace-inclusion implications. Simulation is reflexive and
revision_R2/Supplementary_Validation_R2.tex,line 315,"transitive on this universe. There are 41,080 weakly bisimilar ordered pairs"
revision_R2/Supplementary_Validation_R2.tex,line 316,"and 4,848 mutually simulated but non-bisimilar ordered pairs. No one-way"
revision_R2/Supplementary_Validation_R2.tex,line 317,simulation with exact trace equality occurs in this small universe; the
revision_R2/Supplementary_Validation_R2.tex,line 345,"Formanowicz P, Holmes: A graphical tool for development, simulation and"
src/concurrent_biomodels.py,line 13,"observational interface using weak bisimulation, simulation preorders"
src/concurrent_biomodels.py,line 42,"* D. Sangiorgi. ""Introduction to Bisimulation and Coinduction"". CUP, 2011."
src/concurrent_biomodels.py,line 232,"def strong_bisimilar(l1: LTS, l2: LTS) -> bool:"
src/concurrent_biomodels.py,line 233,"""""""Strong bisimulation: TAU is treated as an ordinary label and every step"
src/concurrent_biomodels.py,line 260,"def weak_bisimilar(l1: LTS, l2: LTS) -> bool:"
src/concurrent_biomodels.py,line 261,"""""""True iff the initial states of ``l1`` and ``l2`` are weakly bisimilar"
src/concurrent_biomodels.py,line 289,"def weak_simulates(l1: LTS, l2: LTS) -> bool:"
src/concurrent_biomodels.py,line 290,"""""""True iff ``l2`` *weakly simulates* ``l1`` (every move of l1 can be matched"
src/concurrent_biomodels.py,line 292,Note: mutual simulation is strictly weaker than bisimulation and is only used
src/concurrent_biomodels.py,line 344,strong bisimilarity => weak bisimilarity => weak trace equivalence
src/concurrent_biomodels.py,line 346,"linear-time index and is coarser than bisimulation), so it is reported as a"
src/concurrent_biomodels.py,line 347,"quantitative *complement* to, not a replacement for, the bisimulation"
src/concurrent_biomodels.py,line 369,strong_bisimilar: bool
src/concurrent_biomodels.py,line 370,weak_bisimilar: bool
src/concurrent_biomodels.py,line 371,plant_simulated_by_animal: bool  # plant <= animal
src/concurrent_biomodels.py,line 372,animal_simulated_by_plant: bool  # animal <= plant
src/concurrent_biomodels.py,line 379,"def _verdict(bisim: bool, plant_le_animal: bool, animal_le_plant: bool) -> str:"
src/concurrent_biomodels.py,line 380,if bisim:
src/concurrent_biomodels.py,line 381,"return ""Comparable (weak bisimulation)"""
src/concurrent_biomodels.py,line 383,"return ""Comparable (mutual simulation)"""
src/concurrent_biomodels.py,line 385,"return ""Partial: sub-mechanism simulated (plant \u2291 animal)"""
src/concurrent_biomodels.py,line 387,"return ""Partial: sub-mechanism simulated (animal \u2291 plant)"""
src/concurrent_biomodels.py,line 388,"return ""Not comparable"""
src/concurrent_biomodels.py,line 397,"bisim = weak_bisimilar(lts_h, lts_a)"
src/concurrent_biomodels.py,line 398,"strong = strong_bisimilar(lts_h, lts_a)"
src/concurrent_biomodels.py,line 399,"plant_le_animal = weak_simulates(lts_a, lts_h)  # animal simulates plant"
src/concurrent_biomodels.py,line 400,"animal_le_plant = weak_simulates(lts_h, lts_a)  # plant simulates animal"
src/concurrent_biomodels.py,line 406,"strong_bisimilar=strong,"
src/concurrent_biomodels.py,line 407,"weak_bisimilar=bisim,"
src/concurrent_biomodels.py,line 408,"plant_simulated_by_animal=plant_le_animal,"
src/concurrent_biomodels.py,line 409,"animal_simulated_by_plant=animal_le_plant,"
src/concurrent_biomodels.py,line 411,"verdict=_verdict(bisim, plant_le_animal, animal_le_plant),"
src/concurrent_biomodels.py,line 423,silent step preserves the weak-bisimulation class (Milner's tau-law
src/concurrent_biomodels.py,line 479,"weak_bisimilar(lts_h, lts_a),"
src/concurrent_biomodels.py,line 480,"weak_simulates(lts_a, lts_h),"
src/concurrent_biomodels.py,line 481,"weak_simulates(lts_h, lts_a),"
src/concurrent_biomodels.py,line 489,preserve (a) the weak-bisimulation outcome and (b) the categorical verdict.
src/concurrent_biomodels.py,line 495,"base_bisim = weak_bisimilar(lts_h, lts_a)"
src/concurrent_biomodels.py,line 498,keep_bisim = keep_verdict = 0
src/concurrent_biomodels.py,line 501,"if weak_bisimilar(lts_h, ref) == base_bisim:"
src/concurrent_biomodels.py,line 502,keep_bisim += 1
src/concurrent_biomodels.py,line 508,"""frac_bisim_preserved"": keep_bisim / n,"
src/concurrent_biomodels.py,line 593,because they explain non-comparability in controls.
src/concurrent_biomodels.py,line 599,"""weak_bisimilar"": weak_bisimilar(lts_h, lts_a),"
src/concurrent_biomodels.py,line 600,"""plant_simulated_by_animal"": weak_simulates(lts_a, lts_h),"
src/concurrent_biomodels.py,line 601,"""animal_simulated_by_plant"": weak_simulates(lts_h, lts_a),"
src/concurrent_biomodels.py,line 619,"""weak_bisimilar_after"": weak_bisimilar(lts_h, perturbed),"
src/concurrent_biomodels.py,line 1011,"(strong bisimulation)."""""""
src/concurrent_biomodels.py,line 1028,"Wee1/Cdc25) modelled as tau steps. Weakly, but not strongly, bisimilar to the"
src/concurrent_biomodels.py,line 1350,"strong = strong_bisimilar(lr, lo)"
src/concurrent_biomodels.py,line 1351,"weak = weak_bisimilar(lr, lo)"
src/concurrent_biomodels.py,line 1352,"other_le_ref = weak_simulates(lo, lr)  # reference simulates the other"
src/concurrent_biomodels.py,line 1353,"ref_le_other = weak_simulates(lr, lo)  # the other simulates the reference"
src/concurrent_biomodels.py,line 1358,"verdict = ""Comparable (weak bisimulation)"""
src/concurrent_biomodels.py,line 1360,"verdict = ""Partial (simulation)"""
src/concurrent_biomodels.py,line 1362,"verdict = ""Not comparable"""
src/concurrent_biomodels.py,line 1364,"""strong_bisimilar"": strong,"
src/concurrent_biomodels.py,line 1365,"""weak_bisimilar"": weak,"
src/concurrent_biomodels.py,line 1366,"""other_simulated_by_ref"": other_le_ref,"
src/concurrent_biomodels.py,line 1367,"""ref_simulated_by_other"": ref_le_other,"
src/concurrent_biomodels.py,line 1394,"print(f""    strong bisimulation  : {c.strong_bisimilar}"")"
src/concurrent_biomodels.py,line 1395,"print(f""    weak bisimulation    : {c.weak_bisimilar}"")"
src/concurrent_biomodels.py,line 1396,"print(f""    plant <= animal      : {c.plant_simulated_by_animal}"")"
src/concurrent_biomodels.py,line 1397,"print(f""    animal <= plant      : {c.animal_simulated_by_plant}"")"
src/concurrent_biomodels.py,line 1417,"print(f""[{r['organism']:>11} vs Human]  strong={r['strong_bisimilar']!s:>5}  """
src/concurrent_biomodels.py,line 1418,"f""weak={r['weak_bisimilar']!s:>5}  d={r['distance']:.3f}  """
src/formal_revision_audit.py,line 1,"""""""R2 audit: independent weak targets, simulation games and exact languages."
src/formal_revision_audit.py,line 18,from . import simulation_oracle as old_oracle
src/formal_revision_audit.py,line 21,"CONVENTION = ""left_simulated_by_right means left <=_w right; right matches left"""
src/formal_revision_audit.py,line 57,"def game_relation(left, right, *, bisimulation=False, weak=True):"
src/formal_revision_audit.py,line 68,if bisimulation:
src/formal_revision_audit.py,line 88,"def independent_predicate(left, right, *, bisimulation=False, weak=True):"
src/formal_revision_audit.py,line 89,"relation, _ = game_relation(left, right, bisimulation=bisimulation, weak=weak)"
src/formal_revision_audit.py,line 101,"return {""valid"": not violations, ""contains_initial_pair"": (left.init, right.init) in relation,"
src/formal_revision_audit.py,line 128,"return {""exact_trace_equal"": left_only is None and right_only is None,"
src/formal_revision_audit.py,line 162,"(""mutual_not_bisimilar"", extra, late), (""traces_not_mutual"", late, early)]"
src/formal_revision_audit.py,line 167,"""strong_bisimilar"": cbm.strong_bisimilar(left, right),"
src/formal_revision_audit.py,line 168,"""weak_bisimilar"": cbm.weak_bisimilar(left, right),"
src/formal_revision_audit.py,line 169,"""left_simulated_by_right"": cbm.weak_simulates(left, right),"
src/formal_revision_audit.py,line 170,"""right_simulated_by_left"": cbm.weak_simulates(right, left),"
src/formal_revision_audit.py,line 173,"""strong_bisimilar"": independent_predicate(left, right, bisimulation=True, weak=False),"
src/formal_revision_audit.py,line 174,"""weak_bisimilar"": independent_predicate(left, right, bisimulation=True),"
src/formal_revision_audit.py,line 175,"""left_simulated_by_right"": independent_predicate(left, right),"
src/formal_revision_audit.py,line 176,"""right_simulated_by_left"": independent_predicate(right, left),"
src/formal_revision_audit.py,line 190,"return {**record, ""early_simulated_by_late"": record[""right_simulated_by_left""],"
src/formal_revision_audit.py,line 191,"""late_simulated_by_early"": record[""left_simulated_by_right""],"
src/formal_revision_audit.py,line 200,"""existing_game_agrees"": (old_oracle.weak_simulates_game(early, late) == record[""right_simulated_by_left""]"
src/formal_revision_audit.py,line 201,"and old_oracle.weak_simulates_game(late, early) == record[""left_simulated_by_right""])}"
src/formal_revision_audit.py,line 223,"counts = {""mutual_without_bisimulation"": 0, ""one_way_with_equal_traces"": 0,"
src/formal_revision_audit.py,line 224,"""equal_traces_without_bisimulation"": 0}"
src/formal_revision_audit.py,line 229,"lr = cbm.weak_simulates(left, right)"
src/formal_revision_audit.py,line 230,"rl = cbm.weak_simulates(right, left)"
src/formal_revision_audit.py,line 231,"weak = cbm.weak_bisimilar(left, right)"
src/formal_revision_audit.py,line 232,"strong = cbm.strong_bisimilar(left, right)"
src/formal_revision_audit.py,line 234,"bi_rel, _ = game_relation(prepared[i], prepared[j], bisimulation=True)"
src/formal_revision_audit.py,line 246,"flags = {""mutual_without_bisimulation"": lr and rl and not weak,"
src/formal_revision_audit.py,line 247,"""one_way_with_equal_traces"": (lr != rl) and traces[""exact_trace_equal""],"
src/formal_revision_audit.py,line 248,"""equal_traces_without_bisimulation"": traces[""exact_trace_equal""] and not weak}"
src/formal_revision_audit.py,line 260,"""weak_bisimilar_pairs"": weak_count, ""disagreements_or_hierarchy_failures"": failures,"
src/formal_revision_audit.py,line 261,"""simulation_reflexive"": reflexive, ""simulation_transitive"": transitive,"
src/formal_revision_audit.py,line 272,"save(""example1_simulation_audit.json"", example1_audit())"
src/formal_revision_audit.py,line 285,"fields = [""case"", ""left"", ""right"", ""direction_convention"", ""strong_bisimilar"", ""weak_bisimilar"","
src/formal_revision_audit.py,line 286,"""left_simulated_by_right"", ""right_simulated_by_left"", ""exact_trace_equal"", ""independent_oracle_agrees""]"
src/gim_interface_analysis.py,line 24,"animal_simulated_by_plant: bool,"
src/gim_interface_analysis.py,line 25,"plant_simulated_by_animal: bool,"
src/gim_interface_analysis.py,line 28,"return ""weak_bisimulation"""
src/gim_interface_analysis.py,line 29,if animal_simulated_by_plant and plant_simulated_by_animal:
src/gim_interface_analysis.py,line 30,"return ""mutual_simulation"""
src/gim_interface_analysis.py,line 31,if animal_simulated_by_plant:
src/gim_interface_analysis.py,line 32,"return ""animal_simulated_by_plant"""
src/gim_interface_analysis.py,line 33,if plant_simulated_by_animal:
src/gim_interface_analysis.py,line 34,"return ""plant_simulated_by_animal"""
src/gim_interface_analysis.py,line 43,"if formal_class == ""weak_bisimulation"" and interface_id == ""A"":"
src/gim_interface_analysis.py,line 48,"if formal_class == ""weak_bisimulation"" and interface_id == ""B"":"
src/gim_interface_analysis.py,line 74,"strong = cbm.strong_bisimilar(animal_lts, plant_lts)"
src/gim_interface_analysis.py,line 75,"weak = cbm.weak_bisimilar(animal_lts, plant_lts)"
src/gim_interface_analysis.py,line 76,"animal_by_plant = cbm.weak_simulates(animal_lts, plant_lts)"
src/gim_interface_analysis.py,line 77,"plant_by_animal = cbm.weak_simulates(plant_lts, animal_lts)"
src/gim_interface_analysis.py,line 93,"""strong_bisimulation"": strong,"
src/gim_interface_analysis.py,line 94,"""weak_bisimulation"": weak,"
src/gim_interface_analysis.py,line 95,"""animal_simulated_by_plant"": animal_by_plant,"
src/gim_interface_analysis.py,line 96,"""plant_simulated_by_animal"": plant_by_animal,"
src/gim_interface_analysis.py,line 99,"f""trace_equivalent_at_k{k}"": distance == 0.0,"
src/hpn_dream_validation.py,line 503,"return ""weak_bisimulation"""
src/hpn_dream_validation.py,line 505,"return ""mutual_simulation"""
src/hpn_dream_validation.py,line 507,"return ""one_way_simulation"""
src/hpn_dream_validation.py,line 514,"return ""weak_bisimulation"""
src/hpn_dream_validation.py,line 516,"return ""mutual_simulation"""
src/hpn_dream_validation.py,line 518,"return ""left_simulated_by_right"""
src/hpn_dream_validation.py,line 520,"return ""right_simulated_by_left"""
src/hpn_dream_validation.py,line 521,"return ""no_simulation_relation"""
src/hpn_dream_validation.py,line 547,"strong = cbm.strong_bisimilar(lts_left, lts_right)"
src/hpn_dream_validation.py,line 548,"weak = cbm.weak_bisimilar(lts_left, lts_right)"
src/hpn_dream_validation.py,line 549,"left_by_right = cbm.weak_simulates(lts_left, lts_right)"
src/hpn_dream_validation.py,line 550,"right_by_left = cbm.weak_simulates(lts_right, lts_left)"
src/hpn_dream_validation.py,line 560,"""mcrl2_strong_bisimilar"": None,"
src/hpn_dream_validation.py,line 561,"""mcrl2_weak_bisimilar"": None,"
src/hpn_dream_validation.py,line 562,"""mcrl2_weak_trace_equivalent"": None,"
src/hpn_dream_validation.py,line 579,"""strong_bisimilar"": strong,"
src/hpn_dream_validation.py,line 580,"""weak_bisimilar"": weak,"
src/hpn_dream_validation.py,line 581,"""left_simulated_by_right"": left_by_right,"
src/hpn_dream_validation.py,line 582,"""right_simulated_by_left"": right_by_left,"
src/hpn_dream_validation.py,line 593,"strong == oracle[""mcrl2_strong_bisimilar""] if use_mcrl2 else None"
src/hpn_dream_validation.py,line 596,"weak == oracle[""mcrl2_weak_bisimilar""] if use_mcrl2 else None"
src/hpn_dream_validation.py,line 665,"Formal relation classes are nominal and one-way simulation is directional,"
src/hpn_dream_validation.py,line 698,"""weak_bisimulation"","
src/hpn_dream_validation.py,line 699,"""mutual_simulation"","
src/hpn_dream_validation.py,line 700,"""one_way_simulation"","
src/hpn_dream_validation.py,line 719,"""weak_bisimulation"","
src/hpn_dream_validation.py,line 720,"""mutual_simulation"","
src/hpn_dream_validation.py,line 721,"""left_simulated_by_right"","
src/hpn_dream_validation.py,line 722,"""right_simulated_by_left"","
src/hpn_dream_validation.py,line 723,"""no_simulation_relation"","
src/hpn_dream_validation.py,line 734,"bool(row[""weak_bisimilar""]),"
src/hpn_dream_validation.py,line 735,"bool(row[""left_simulated_by_right""]),"
src/hpn_dream_validation.py,line 736,"bool(row[""right_simulated_by_left""]),"
src/hpn_dream_validation.py,line 757,"""n=9 is too small and directional simulation classes do not define a """
src/hpn_dream_validation.py,line 777,condition: candidate relation matrices would contain hundreds of millions
src/method_benchmark.py,line 3,"The biological case study contains hand-curated models, so it cannot by itself"
src/method_benchmark.py,line 79,"""""""Return trace-equivalent systems that differ in when choice is resolved."
src/method_benchmark.py,line 84,only simulated by the reference; they are not bisimilar.
src/method_benchmark.py,line 132,"""not comparable"","
src/method_benchmark.py,line 139,"""not comparable"","
src/method_benchmark.py,line 146,"""reference simulated by candidate"","
src/method_benchmark.py,line 150,"""trace-equivalent branching"","
src/method_benchmark.py,line 153,"""candidate simulated by reference"","
src/method_benchmark.py,line 287,"remains a local structural statistic: unlike bisimulation, it does not match"
src/method_benchmark.py,line 299,"strong = cbm.strong_bisimilar(reference, candidate)"
src/method_benchmark.py,line 300,"weak = cbm.weak_bisimilar(reference, candidate)"
src/method_benchmark.py,line 301,"ref_le_candidate = cbm.weak_simulates(reference, candidate)"
src/method_benchmark.py,line 302,"candidate_le_ref = cbm.weak_simulates(candidate, reference)"
src/method_benchmark.py,line 310,"formal_class = ""mutual simulation"""
src/method_benchmark.py,line 312,"formal_class = ""reference simulated by candidate"""
src/method_benchmark.py,line 314,"formal_class = ""candidate simulated by reference"""
src/method_benchmark.py,line 316,"formal_class = ""not comparable"""
src/method_benchmark.py,line 321,"""strong_bisimilar"": strong,"
src/method_benchmark.py,line 322,"""weak_bisimilar"": weak,"
src/method_benchmark.py,line 323,"""reference_simulated_by_candidate"": ref_le_candidate,"
src/method_benchmark.py,line 324,"""candidate_simulated_by_reference"": candidate_le_ref,"
src/method_benchmark.py,line 326,"""trace_equivalent_at_k"": abs(distance) < 1e-12,"
src/method_benchmark.py,line 377,"""weak bisimulation"": [bool(r[""weak_bisimilar""]) for r in records],"
src/method_benchmark.py,line 378,"""trace equality (k=8)"": [bool(r[""trace_equivalent_at_k""]) for r in records],"
src/method_benchmark.py,line 490,"""strong_bisimulation_ms"": lambda b=base, c=candidate: cbm.strong_bisimilar(b, c),"
src/method_benchmark.py,line 491,"""weak_bisimulation_ms"": lambda b=base, c=candidate: cbm.weak_bisimilar(b, c),"
src/method_benchmark.py,line 492,"""two_simulations_ms"": lambda b=base, c=candidate: ("
src/method_benchmark.py,line 493,"cbm.weak_simulates(b, c), cbm.weak_simulates(c, b)"
src/pn_gdda.py,line 469,if formal.weak_bisimilar:
src/pn_gdda.py,line 471,elif formal.plant_simulated_by_animal or formal.animal_simulated_by_plant:
src/pn_gdda.py,line 472,"formal_class = ""one-way simulation"""
src/pn_gdda.py,line 474,"formal_class = ""not comparable"""
src/pn_gdda.py,line 489,"""weak_bisimilar"": formal.weak_bisimilar,"
src/pn_gdda.py,line 490,"""plant_simulated_by_animal"": formal.plant_simulated_by_animal,"
src/pn_gdda.py,line 491,"""animal_simulated_by_plant"": formal.animal_simulated_by_plant,"
src/public_validation.py,line 256,"raise ValueError(""MathML <math> must contain one expression"")"
src/public_validation.py,line 673,"with tempfile.TemporaryDirectory(prefix=""bisimulationmol-aut-"") as directory:"
src/public_validation.py,line 680,"""mcrl2_strong_bisimilar"": _mcrl2_equivalent("
src/public_validation.py,line 681,"executable, reference_path, candidate_path, ""bisim"""
src/public_validation.py,line 683,"""mcrl2_weak_bisimilar"": _mcrl2_equivalent("
src/public_validation.py,line 684,"executable, reference_path, candidate_path, ""weak-bisim"""
src/public_validation.py,line 686,"""mcrl2_weak_trace_equivalent"": _mcrl2_equivalent("
src/public_validation.py,line 728,"python_strong = cbm.strong_bisimilar(case.reference, case.candidate)"
src/public_validation.py,line 729,"python_weak = cbm.weak_bisimilar(case.reference, case.candidate)"
src/public_validation.py,line 737,"and oracle[""mcrl2_strong_bisimilar""] == case.expected_strong"
src/public_validation.py,line 738,"and oracle[""mcrl2_weak_bisimilar""] == case.expected_weak"
src/public_validation.py,line 739,"and oracle[""mcrl2_weak_trace_equivalent""] == case.expected_weak_trace"
src/public_validation.py,line 748,"""python_strong_bisimilar"": python_strong,"
src/public_validation.py,line 749,"""python_weak_bisimilar"": python_weak,"
src/public_validation.py,line 756,"python_strong == oracle[""mcrl2_strong_bisimilar""]"
src/public_validation.py,line 759,"python_weak == oracle[""mcrl2_weak_bisimilar""]"
src/public_validation.py,line 779,"""trace-equivalent branching"": True,"
src/public_validation.py,line 788,"python_strong = cbm.strong_bisimilar(case.reference, case.candidate)"
src/public_validation.py,line 789,"python_weak = cbm.weak_bisimilar(case.reference, case.candidate)"
src/public_validation.py,line 794,"""python_strong_bisimilar"": python_strong,"
src/public_validation.py,line 795,"""python_weak_bisimilar"": python_weak,"
src/public_validation.py,line 798,"python_strong == oracle[""mcrl2_strong_bisimilar""]"
src/public_validation.py,line 801,"python_weak == oracle[""mcrl2_weak_bisimilar""]"
src/public_validation.py,line 804,"oracle[""mcrl2_weak_trace_equivalent""]"
src/public_validation.py,line 825,"f""strong={row['python_strong_bisimilar']} """
src/public_validation.py,line 826,"f""weak={row['python_weak_bisimilar']} """
src/simulation_oracle.py,line 1,"""""""Independent weak-simulation oracle and exhaustive finite validation."
src/simulation_oracle.py,line 4,greatest simulation relation by deleting invalid state pairs.  This module uses
src/simulation_oracle.py,line 21,"def weak_simulates_game(reference: cbm.LTS, candidate: cbm.LTS) -> bool:"
src/simulation_oracle.py,line 22,"""""""Return whether ``candidate`` weakly simulates ``reference``."
src/simulation_oracle.py,line 79,"def exhaustive_simulation_validation(max_states: int = 2) -> Dict[str, object]:"
src/simulation_oracle.py,line 90,"production = cbm.weak_simulates(reference, candidate)"
src/simulation_oracle.py,line 91,"oracle = weak_simulates_game(reference, candidate)"
src/simulation_oracle.py,line 118,result = exhaustive_simulation_validation()
tests/test_external_validation.py,line 35,"cbm.strong_bisimilar(case.reference, case.candidate),"
tests/test_external_validation.py,line 40,"cbm.weak_bisimilar(case.reference, case.candidate),"
tests/test_formal_properties.py,line 14,def test_strong_bisimilarity_implies_weak_and_mutual_simulation(self) -> None:
tests/test_formal_properties.py,line 18,"self.assertTrue(cbm.strong_bisimilar(left, right))"
tests/test_formal_properties.py,line 19,"self.assertTrue(cbm.weak_bisimilar(left, right))"
tests/test_formal_properties.py,line 20,"self.assertTrue(cbm.weak_simulates(left, right))"
tests/test_formal_properties.py,line 21,"self.assertTrue(cbm.weak_simulates(right, left))"
tests/test_formal_properties.py,line 27,"self.assertFalse(cbm.strong_bisimilar(base, refined))"
tests/test_formal_properties.py,line 28,"self.assertTrue(cbm.weak_bisimilar(base, refined))"
tests/test_formal_properties.py,line 39,"self.assertFalse(cbm.weak_bisimilar(late_choice, early_choice))"
tests/test_formal_properties.py,line 40,"self.assertTrue(cbm.weak_simulates(early_choice, late_choice))"
tests/test_formal_properties.py,line 41,"self.assertFalse(cbm.weak_simulates(late_choice, early_choice))"
tests/test_formal_properties.py,line 43,def test_mutual_simulation_does_not_imply_bisimilarity(self) -> None:
tests/test_formal_properties.py,line 63,"self.assertTrue(cbm.weak_simulates(left, right))"
tests/test_formal_properties.py,line 64,"self.assertTrue(cbm.weak_simulates(right, left))"
tests/test_formal_properties.py,line 65,"self.assertFalse(cbm.weak_bisimilar(left, right))"
tests/test_formal_properties.py,line 66,"self.assertEqual(mb.classify_pair(left, right)[""formal_class""], ""mutual simulation"")"
tests/test_formal_properties.py,line 68,def test_truncated_trace_match_does_not_claim_exact_trace_equality(self) -> None:
tests/test_formal_properties.py,line 98,"self.assertFalse(cbm.strong_bisimilar(direct, refined))"
tests/test_formal_properties.py,line 99,"self.assertTrue(cbm.weak_bisimilar(direct, refined))"
tests/test_formal_properties.py,line 101,def test_simulation_orientation_is_reference_contained_in_candidate(self) -> None:
tests/test_formal_properties.py,line 105,"self.assertTrue(cbm.weak_simulates(reference, candidate))"
tests/test_formal_properties.py,line 106,"self.assertFalse(cbm.weak_simulates(candidate, reference))"
tests/test_formal_properties.py,line 109,"""reference simulated by candidate"","
tests/test_formal_properties.py,line 128,"self.assertFalse(cbm.weak_simulates(left, right))"
tests/test_formal_properties.py,line 129,"self.assertFalse(cbm.weak_simulates(right, left))"
tests/test_formal_properties.py,line 130,"self.assertFalse(cbm.weak_bisimilar(left, right))"
tests/test_formal_properties.py,line 136,"""mutual simulation"","
tests/test_formal_properties.py,line 137,"""reference simulated by candidate"","
tests/test_formal_properties.py,line 138,"""candidate simulated by reference"","
tests/test_formal_properties.py,line 139,"""not comparable"","
tests/test_formal_revision_R2.py,line 14,"self.assertTrue(audit.independent_predicate(left, right, bisimulation=True))"
tests/test_formal_revision_R2.py,line 15,"self.assertTrue(audit.exact_trace_check(left, right)[""exact_trace_equal""])"
tests/test_formal_revision_R2.py,line 22,"self.assertTrue(audit.exact_trace_check(late, early)[""exact_trace_equal""])"
tests/test_formal_revision_R2.py,line 26,"self.assertTrue(row[""early_simulated_by_late""])"
tests/test_formal_revision_R2.py,line 27,"self.assertFalse(row[""late_simulated_by_early""])"
tests/test_formal_revision_R2.py,line 28,"self.assertFalse(row[""weak_bisimilar""])"
tests/test_formal_revision_R2.py,line 41,"keys = (""strong_bisimilar"", ""weak_bisimilar"", ""left_simulated_by_right"", ""right_simulated_by_left"")"
tests/test_formal_revision_R2.py,line 46,"self.assertTrue(row[""exact_trace_equal""])"
tests/test_formal_revision_R2.py,line 55,"self.assertEqual(mb.classify_pair(late, early)[""formal_class""], ""candidate simulated by reference"")"
tests/test_formal_revision_R2.py,line 56,"self.assertEqual(mb.classify_pair(early, late)[""formal_class""], ""reference simulated by candidate"")"
tests/test_formal_revision_R2.py,line 63,"self.assertEqual(row[""weak_bisimilar""], expected)"
tests/test_formal_revision_R2.py,line 64,"self.assertEqual(row[""left_simulated_by_right""], expected)"
tests/test_formal_revision_R2.py,line 65,"self.assertEqual(row[""right_simulated_by_left""], expected)"
tests/test_formal_revision_R2.py,line 68,"self.assertFalse(row[""left_simulated_by_right""])"
tests/test_formal_revision_R2.py,line 69,"self.assertTrue(row[""right_simulated_by_left""])"
tests/test_formal_revision_R2.py,line 75,"self.assertTrue(audit.exact_trace_check(a, b)[""exact_trace_equal""])"
tests/test_gim_interface_analysis.py,line 24,"self.assertEqual(rows[""A""][""formal_class""], ""weak_bisimulation"")"
tests/test_gim_interface_analysis.py,line 25,"self.assertEqual(rows[""B""][""formal_class""], ""weak_bisimulation"")"
tests/test_gim_interface_analysis.py,line 66,"""strong_bisimulation"","
tests/test_gim_interface_analysis.py,line 67,"""weak_bisimulation"","
tests/test_gim_interface_analysis.py,line 68,"""animal_simulated_by_plant"","
tests/test_gim_interface_analysis.py,line 69,"""plant_simulated_by_animal"","
tests/test_hpn_dream_validation.py,line 72,def test_one_way_simulation_direction_is_preserved(self) -> None:
tests/test_hpn_dream_validation.py,line 75,"self.assertEqual(directions.count(""left_simulated_by_right""), 3)"
tests/test_hpn_dream_validation.py,line 76,"self.assertEqual(directions.count(""right_simulated_by_left""), 3)"
tests/test_hpn_dream_validation.py,line 77,"self.assertEqual(directions.count(""no_simulation_relation""), 3)"
tests/test_hpn_dream_validation.py,line 79,"if row[""relation_direction""] == ""left_simulated_by_right"":"
tests/test_hpn_dream_validation.py,line 80,"self.assertTrue(row[""left_simulated_by_right""])"
tests/test_hpn_dream_validation.py,line 81,"self.assertFalse(row[""right_simulated_by_left""])"
tests/test_hpn_dream_validation.py,line 82,"if row[""relation_direction""] == ""right_simulated_by_left"":"
tests/test_hpn_dream_validation.py,line 83,"self.assertFalse(row[""left_simulated_by_right""])"
tests/test_hpn_dream_validation.py,line 84,"self.assertTrue(row[""right_simulated_by_left""])"
tests/test_hpn_dream_validation.py,line 92,"row[""asynchronous_class""] == ""one_way_simulation"""
tests/test_jbcb_R2_artifacts.py,line 40,def test_R2_is_self_contained_with_all_artwork(self):
tests/test_jbcb_R2_artifacts.py,line 84,"self.assertTrue(all(r[""weak_bisimilar""] == r[""expected_weak_equivalent""] for r in synthetic))"
tests/test_jbcb_package.py,line 16,def test_upload_is_self_contained_and_preserves_article(self):
tests/test_jbcb_revision_consistency.py,line 19,"self.assertEqual(rows[""A""][""formal_class""], ""weak_bisimulation"")"
tests/test_jbcb_revision_consistency.py,line 20,"self.assertEqual(rows[""B""][""formal_class""], ""weak_bisimulation"")"
tests/test_jbcb_revision_consistency.py,line 25,"self.assertIn(""both simulation directions fail"", text)"
tests/test_method_benchmark.py,line 20,"self.assertFalse(by_case[""label order swap""][""weak_bisimilar""])"
tests/test_method_benchmark.py,line 21,"self.assertTrue(by_case[""trace-equivalent branching""][""trace_equivalent_at_k""])"
tests/test_method_benchmark.py,line 22,"self.assertFalse(by_case[""trace-equivalent branching""][""weak_bisimilar""])"
tests/test_method_benchmark.py,line 39,"self.assertTrue(rows[""GIM""].weak_bisimilar)"
tests/test_method_benchmark.py,line 40,"self.assertTrue(rows[""DCE""].weak_bisimilar)"
tests/test_method_benchmark.py,line 41,"self.assertTrue(rows[""SPS""].weak_bisimilar)"
tests/test_method_benchmark.py,line 42,"self.assertFalse(rows[""RCD""].weak_bisimilar)"
tests/test_method_benchmark.py,line 43,"self.assertFalse(rows[""AID""].weak_bisimilar)"
tests/test_pn_gdda.py,line 41,"self.assertFalse(by_case[""label mismatch""][""weak_bisimilar""])"
tests/test_simulation_oracle.py,line 1,"""""""Exhaustive validation of the independent weak-simulation game oracle."""""""
tests/test_simulation_oracle.py,line 7,from src import simulation_oracle as oracle
tests/test_simulation_oracle.py,line 10,class SimulationOracleTests(unittest.TestCase):
tests/test_simulation_oracle.py,line 12,result = oracle.exhaustive_simulation_validation(max_states=2)
results/baseline_accuracy.csv,line 2,"weak bisimulation,1.0,2,4,0,0,6"
results/baseline_accuracy.csv,line 3,"trace equality (k=8),0.8333333333333334,2,3,1,0,6"
results/direction_audit_R2.csv,line 1,"case,left,right,direction_convention,strong_bisimilar,weak_bisimilar,left_simulated_by_right,right_simulated_by_left,exact_trace_equal,independent_oracle_agrees"
results/direction_audit_R2.csv,line 2,"synthetic_identity,workflow-12,identical,left_simulated_by_right means left <=_w right; right matches left,True,True,True,True,True,True"
results/direction_audit_R2.csv,line 3,"synthetic_silent refinement,workflow-12,workflow-12+tau,left_simulated_by_right means left <=_w right; right matches left,False,True,True,True,True,True"
results/direction_audit_R2.csv,line 4,"synthetic_label mismatch,workflow-12,workflow-12-c,left_simulated_by_right means left <=_w right; right matches left,False,False,False,False,False,True"
results/direction_audit_R2.csv,line 5,"synthetic_label order swap,workflow-12,workflow-12-reordered,left_simulated_by_right means left <=_w right; right matches left,False,False,False,False,False,True"
results/direction_audit_R2.csv,line 6,"synthetic_added branch,workflow-12,workflow-12-branch,left_simulated_by_right means left <=_w right; right matches left,False,False,True,False,False,True"
results/direction_audit_R2.csv,line 7,"synthetic_trace-equivalent branching,late-choice,early-choice,left_simulated_by_right means left <=_w right; right matches left,False,False,False,True,True,True"
results/direction_audit_R2.csv,line 8,"GIM_A,GIM_animal_interface_A,GIM_plant_interface_A,left_simulated_by_right means left <=_w right; right matches left,False,True,True,True,True,True"
results/direction_audit_R2.csv,line 9,"GIM_B,GIM_animal_interface_B,GIM_plant_interface_B,left_simulated_by_right means left <=_w right; right matches left,False,True,True,True,True,True"
results/direction_audit_R2.csv,line 10,"GIM_C,GIM_animal_interface_C,GIM_plant_interface_C,left_simulated_by_right means left <=_w right; right matches left,False,False,False,False,False,True"
results/direction_audit_R2.csv,line 11,"GIM,GIM_animal,GIM_plant,left_simulated_by_right means left <=_w right; right matches left,False,True,True,True,True,True"
results/direction_audit_R2.csv,line 12,"DCE,DCE_animal,DCE_plant,left_simulated_by_right means left <=_w right; right matches left,False,True,True,True,True,True"
results/direction_audit_R2.csv,line 13,"SPS,SPS_animal,SPS_plant,left_simulated_by_right means left <=_w right; right matches left,False,True,True,True,True,True"
results/direction_audit_R2.csv,line 14,"RCD,RCD_animal,RCD_plant,left_simulated_by_right means left <=_w right; right matches left,False,False,False,True,False,True"
results/direction_audit_R2.csv,line 15,"AID,AID_animal,AID_plant,left_simulated_by_right means left <=_w right; right matches left,False,False,False,False,False,True"
results/direction_audit_R2.csv,line 16,"HPN_asynchronous_mTORi_BT20_BT549,BT20_medoid:BT20,BT549_medoid:BT549,left_simulated_by_right means left <=_w right; right matches left,False,False,False,True,False,True"
results/direction_audit_R2.csv,line 17,"HPN_asynchronous_mTORi_BT20_MCF7,BT20_medoid:BT20,MCF7_medoid:MCF7,left_simulated_by_right means left <=_w right; right matches left,False,False,False,False,False,True"
results/direction_audit_R2.csv,line 18,"HPN_asynchronous_mTORi_BT549_MCF7,BT549_medoid:BT549,MCF7_medoid:MCF7,left_simulated_by_right means left <=_w right; right matches left,False,False,True,False,False,True"
results/direction_audit_R2.csv,line 19,"HPN_asynchronous_IGF1+mTORi_BT20_BT549,BT20_medoid:BT20,BT549_medoid:BT549,left_simulated_by_right means left <=_w right; right matches left,False,False,False,True,False,True"
results/direction_audit_R2.csv,line 20,"HPN_asynchronous_IGF1+mTORi_BT20_MCF7,BT20_medoid:BT20,MCF7_medoid:MCF7,left_simulated_by_right means left <=_w right; right matches left,False,False,False,False,False,True"
results/direction_audit_R2.csv,line 21,"HPN_asynchronous_IGF1+mTORi_BT549_MCF7,BT549_medoid:BT549,MCF7_medoid:MCF7,left_simulated_by_right means left <=_w right; right matches left,False,False,False,False,False,True"
results/direction_audit_R2.csv,line 22,"HPN_asynchronous_4EBP1+mTORi_BT20_BT549,BT20_medoid:BT20,BT549_medoid:BT549,left_simulated_by_right means left <=_w right; right matches left,False,False,False,True,False,True"
results/direction_audit_R2.csv,line 23,"HPN_asynchronous_4EBP1+mTORi_BT20_MCF7,BT20_medoid:BT20,MCF7_medoid:MCF7,left_simulated_by_right means left <=_w right; right matches left,False,False,True,False,False,True"
results/direction_audit_R2.csv,line 24,"HPN_asynchronous_4EBP1+mTORi_BT549_MCF7,BT549_medoid:BT549,MCF7_medoid:MCF7,left_simulated_by_right means left <=_w right; right matches left,False,False,True,False,False,True"
results/direction_audit_R2.csv,line 25,"HPN_synchronous_mTORi_BT20_BT549,BT20_medoid:BT20:synchronous,BT549_medoid:BT549:synchronous,left_simulated_by_right means left <=_w right; right matches left,False,False,False,True,False,True"
results/direction_audit_R2.csv,line 26,"HPN_synchronous_mTORi_BT20_MCF7,BT20_medoid:BT20:synchronous,MCF7_medoid:MCF7:synchronous,left_simulated_by_right means left <=_w right; right matches left,False,False,False,False,False,True"
results/direction_audit_R2.csv,line 27,"HPN_synchronous_mTORi_BT549_MCF7,BT549_medoid:BT549:synchronous,MCF7_medoid:MCF7:synchronous,left_simulated_by_right means left <=_w right; right matches left,False,False,True,False,False,True"
results/direction_audit_R2.csv,line 28,"HPN_synchronous_IGF1+mTORi_BT20_BT549,BT20_medoid:BT20:synchronous,BT549_medoid:BT549:synchronous,left_simulated_by_right means left <=_w right; right matches left,False,False,False,False,False,True"
results/direction_audit_R2.csv,line 29,"HPN_synchronous_IGF1+mTORi_BT20_MCF7,BT20_medoid:BT20:synchronous,MCF7_medoid:MCF7:synchronous,left_simulated_by_right means left <=_w right; right matches left,False,False,False,False,False,True"
results/direction_audit_R2.csv,line 30,"HPN_synchronous_IGF1+mTORi_BT549_MCF7,BT549_medoid:BT549:synchronous,MCF7_medoid:MCF7:synchronous,left_simulated_by_right means left <=_w right; right matches left,False,False,False,False,False,True"
results/direction_audit_R2.csv,line 31,"HPN_synchronous_4EBP1+mTORi_BT20_BT549,BT20_medoid:BT20:synchronous,BT549_medoid:BT549:synchronous,left_simulated_by_right means left <=_w right; right matches left,False,False,False,True,False,True"
results/direction_audit_R2.csv,line 32,"HPN_synchronous_4EBP1+mTORi_BT20_MCF7,BT20_medoid:BT20:synchronous,MCF7_medoid:MCF7:synchronous,left_simulated_by_right means left <=_w right; right matches left,False,False,False,False,False,True"
results/direction_audit_R2.csv,line 33,"HPN_synchronous_4EBP1+mTORi_BT549_MCF7,BT549_medoid:BT549:synchronous,MCF7_medoid:MCF7:synchronous,left_simulated_by_right means left <=_w right; right matches left,False,False,True,False,False,True"
results/generalization.csv,line 1,"reference,organism,strong_bisimilar,weak_bisimilar,other_simulated_by_ref,ref_simulated_by_other,distance,verdict"
results/generalization.csv,line 3,"Human,Yeast,False,True,True,True,0.0,Comparable (weak bisimulation)"
results/generalization.csv,line 4,"Human,Arabidopsis,False,True,True,True,0.0,Comparable (weak bisimulation)"
results/generalization.csv,line 5,"Human,Scrambled-control,False,False,False,False,0.9230769230769231,Not comparable"
results/gim_interface_sensitivity.csv,line 1,"interface_id,interface_name,biological_question,predeclared_biological_rationale,observable_labels,animal_internal_transitions,plant_internal_transitions,animal_model_states,plant_model_states,strong_bisimulation,weak_bisimulation,animal_simulated_by_plant,plant_simulated_by_animal,formal_class,trace_distance_k6,trace_equivalent_at_k6,pn_gdda_592_similarity,pn_gdda_576_similarity,lts_gda_similarity,result_interpretation,literature_reference_keys,structure_changed_between_interfaces"
results/gim_interface_sensitivity.csv,line 2,"A,coarse functional/process,Do the encoded models preserve a shared high-level damage-response control structure when organism-specific implementation is hidden?,""Damage detection, checkpoint activation, repair, restoration, and loss of proliferative capacity are observed as functional processes."",cell_cycle_exit;checkpoint_activation;damage_detection;repair;restoration,ATM_CHK2;ATR_CHK1;CHK_p53;repair_fail,ATM_sig;ATR_sig;SMR_induction;SOG1_program;repair_fail,13,14,False,True,True,True,weak_bisimulation,0.0,True,0.9975845917160132,0.9975174970414581,0.9507803109559102,The encoded models match the high-level detection-checkpoint-repair-recovery/exit control structure after internal relays are hidden.,JacksonBartek2009;Yoshiyama2013;DeSchutter2007;Adachi2011;FulcherSablowski2009,False"
results/gim_interface_sensitivity.csv,line 3,"B,intermediate pathway,""Does the relation persist when damage channel, ATM/ATR signalling, and repair family are distinguished but terminal fate is collapsed?"",The interface separates DSB-associated and replication-stress channels and broad repair families while retaining a common functional checkpoint and cell-cycle-exit readout.,atm_pathway_signal;atr_pathway_signal;cell_cycle_exit;checkpoint_activation;dsb_detection;dsb_repair;excision_repair;replication_stress_detection;restoration,CHK_p53;repair_fail,SMR_induction;SOG1_program;repair_fail,13,14,False,True,True,True,weak_bisimulation,0.0,True,0.9975845917160132,0.9975174970414581,0.9507803109559102,""The relation survives separation of damage, signalling, and repair channels while terminal mechanisms remain collapsed."",BlackfordJackson2017;Yoshiyama2013;DeSchutter2007;Ogita2018;ManovaGruszka2015,False"
results/hpn_dream_formal_data_validation.csv,line 1,"condition,left_cell,right_cell,interface_size,common_times,experimental_values,experimental_rmse,clause_jaccard,left_states,right_states,left_edges,right_edges,strong_bisimilar,weak_bisimilar,left_simulated_by_right,right_simulated_by_left,formal_class,relation_direction,trace_distance_k6,lts_gda_similarity,hidden_initial_value,update_semantics,mcrl2_strong_bisimilar,mcrl2_weak_bisimilar,mcrl2_weak_trace_equivalent,python_mcrl2_strong_agree,python_mcrl2_weak_agree"
results/hpn_dream_formal_data_validation.csv,line 2,"mTORi,BT20,BT549,7,5;15;30;60;120;240,42,0.19188439022318077,0.2857142857142857,8,2,12,1,False,False,False,True,one_way_simulation,right_simulated_by_left,0.8888888888888888,0.21211219359225203,0,asynchronous,False,False,False,True,True"
results/hpn_dream_formal_data_validation.csv,line 3,"mTORi,BT20,MCF7,7,5;15;30;60;120;240,42,0.30625328009383596,0.23809523809523808,8,16,12,32,False,False,False,False,not_comparable,no_simulation_relation,0.8,0.17905405405405406,0,asynchronous,False,False,False,True,True"
results/hpn_dream_formal_data_validation.csv,line 4,"mTORi,BT549,MCF7,7,5;15;30;60;120;240,42,0.25589837040251756,0.2972972972972973,2,16,1,32,False,False,True,False,one_way_simulation,left_simulated_by_right,0.8888888888888888,0.20212955470336313,0,asynchronous,False,False,False,True,True"
results/hpn_dream_formal_data_validation.csv,line 5,"IGF1+mTORi,BT20,BT549,7,5;15;30;60;120;240,42,0.18548338629376107,0.2857142857142857,24,6,52,7,False,False,False,True,one_way_simulation,right_simulated_by_left,0.9428571428571428,0.2378275968603385,0,asynchronous,False,False,False,True,True"
results/hpn_dream_formal_data_validation.csv,line 6,"IGF1+mTORi,BT20,MCF7,7,5;15;30;120;240,35,0.2004067518442206,0.23809523809523808,24,44,52,112,False,False,False,False,not_comparable,no_simulation_relation,0.9074074074074074,0.40890788879462603,0,asynchronous,False,False,False,True,True"
results/hpn_dream_formal_data_validation.csv,line 7,"IGF1+mTORi,BT549,MCF7,7,5;15;30;120;240,35,0.20707024211425681,0.2972972972972973,6,44,7,112,False,False,False,False,not_comparable,no_simulation_relation,0.96,0.2518516601545539,0,asynchronous,False,False,False,True,True"
results/hpn_dream_formal_data_validation.csv,line 8,"4EBP1+mTORi,BT20,BT549,7,5;15;30;60;120;240,42,0.2277300891364055,0.2857142857142857,4,2,4,1,False,False,False,True,one_way_simulation,right_simulated_by_left,0.6666666666666667,0.26072330470336313,0,asynchronous,False,False,False,True,True"
results/hpn_dream_formal_data_validation.csv,line 9,"4EBP1+mTORi,BT20,MCF7,7,5;15;30;60;120;240,42,0.27565206422635075,0.23809523809523808,4,16,4,32,False,False,True,False,one_way_simulation,left_simulated_by_right,0.6666666666666667,0.15625,0,asynchronous,False,False,False,True,True"
results/hpn_dream_formal_data_validation.csv,line 10,"4EBP1+mTORi,BT549,MCF7,7,5;15;30;60;120;240,42,0.2775650222375332,0.2972972972972973,2,16,1,32,False,False,True,False,one_way_simulation,left_simulated_by_right,0.8888888888888888,0.20212955470336313,0,asynchronous,False,False,False,True,True"
results/hpn_dream_semantic_sensitivity.csv,line 2,"mTORi,BT20,BT549,one_way_simulation,one_way_simulation,True,0.8888888888888888,0.6666666666666667,0.21211219359225203,0.2982233047033631,8,2,3,2"
results/hpn_dream_semantic_sensitivity.csv,line 4,"mTORi,BT549,MCF7,one_way_simulation,one_way_simulation,True,0.8888888888888888,0.6666666666666667,0.20212955470336313,0.2982233047033631,2,16,2,3"
results/hpn_dream_semantic_sensitivity.csv,line 5,"IGF1+mTORi,BT20,BT549,one_way_simulation,not_comparable,False,0.9428571428571428,0.75,0.2378275968603385,0.5,24,6,3,3"
results/hpn_dream_semantic_sensitivity.csv,line 8,"4EBP1+mTORi,BT20,BT549,one_way_simulation,one_way_simulation,True,0.6666666666666667,0.6666666666666667,0.26072330470336313,0.2982233047033631,4,2,3,2"
results/hpn_dream_semantic_sensitivity.csv,line 9,"4EBP1+mTORi,BT20,MCF7,one_way_simulation,not_comparable,False,0.6666666666666667,0.8,0.15625,0.6,4,16,3,3"
results/hpn_dream_semantic_sensitivity.csv,line 10,"4EBP1+mTORi,BT549,MCF7,one_way_simulation,one_way_simulation,True,0.8888888888888888,0.6666666666666667,0.20212955470336313,0.2982233047033631,2,16,2,3"
results/interface_necessity.csv,line 1,"module,label,base_verdict,base_distance,perturbed_verdict,perturbed_distance,delta_distance,weak_bisimilar_after,verdict_changed"
results/interface_necessity.csv,line 2,"GIM,checkpoint,Comparable (weak bisimulation),0.0,Not comparable,0.8,0.8,False,True"
results/interface_necessity.csv,line 3,"GIM,damage,Comparable (weak bisimulation),0.0,Not comparable,0.9090909090909091,0.9090909090909091,False,True"
results/interface_necessity.csv,line 4,"GIM,exit_cycle,Comparable (weak bisimulation),0.0,Not comparable,0.2857142857142857,0.2857142857142857,False,True"
results/interface_necessity.csv,line 5,"GIM,repair,Comparable (weak bisimulation),0.0,Not comparable,0.6666666666666667,0.6666666666666667,False,True"
results/interface_necessity.csv,line 6,"GIM,restored,Comparable (weak bisimulation),0.0,Not comparable,0.2857142857142857,0.2857142857142857,False,True"
results/interface_necessity.csv,line 7,"DCE,atp,Comparable (weak bisimulation),0.0,Not comparable,0.4444444444444444,0.4444444444444444,False,True"
results/interface_necessity.csv,line 8,"DCE,branch_resp,Comparable (weak bisimulation),0.0,Not comparable,0.4444444444444444,0.4444444444444444,False,True"
results/interface_necessity.csv,line 9,"DCE,glycolysis,Comparable (weak bisimulation),0.0,Not comparable,0.8333333333333334,0.8333333333333334,False,True"
results/interface_necessity.csv,line 10,"DCE,reprogram,Comparable (weak bisimulation),0.0,Not comparable,0.4444444444444444,0.4444444444444444,False,True"
results/interface_necessity.csv,line 11,"DCE,uptake,Comparable (weak bisimulation),0.0,Not comparable,0.9230769230769231,0.9230769230769231,False,True"
results/interface_necessity.csv,line 12,"SPS,division,Comparable (weak bisimulation),0.0,Not comparable,0.25,0.25,False,True"
results/interface_necessity.csv,line 13,"SPS,g1s,Comparable (weak bisimulation),0.0,Not comparable,0.8333333333333334,0.8333333333333334,False,True"
results/interface_necessity.csv,line 14,"SPS,g2m,Comparable (weak bisimulation),0.0,Not comparable,0.4444444444444444,0.4444444444444444,False,True"
results/interface_necessity.csv,line 15,"SPS,licensing,Comparable (weak bisimulation),0.0,Not comparable,0.7272727272727273,0.7272727272727273,False,True"
results/interface_necessity.csv,line 16,"SPS,mitogen,Comparable (weak bisimulation),0.0,Not comparable,0.9230769230769231,0.9230769230769231,False,True"
results/interface_necessity.csv,line 17,"SPS,sphase,Comparable (weak bisimulation),0.0,Not comparable,0.6,0.6,False,True"
results/interface_necessity.csv,line 18,"RCD,autophagy,Partial: sub-mechanism simulated (plant ⊑ animal),0.1428571428571429,Not comparable,0.7,0.557142857142857,False,True"
results/interface_necessity.csv,line 19,"RCD,mtor_off,Partial: sub-mechanism simulated (plant ⊑ animal),0.1428571428571429,Not comparable,0.8181818181818181,0.6753246753246752,False,True"
results/interface_necessity.csv,line 20,"RCD,pcd_commit,Partial: sub-mechanism simulated (plant ⊑ animal),0.1428571428571429,Not comparable,0.375,0.2321428571428571,False,True"
results/interface_necessity.csv,line 21,"RCD,stress,Partial: sub-mechanism simulated (plant ⊑ animal),0.1428571428571429,Not comparable,0.9166666666666666,0.7738095238095237,False,True"
results/interface_necessity.csv,line 22,"RCD,survive,Partial: sub-mechanism simulated (plant ⊑ animal),0.1428571428571429,Not comparable,0.375,0.2321428571428571,False,True"
results/interface_necessity.csv,line 23,"AID,cell_wall,Not comparable,0.4285714285714286,Not comparable,0.4285714285714286,0.0,False,False"
results/interface_necessity.csv,line 24,"AID,effector,Not comparable,0.4285714285714286,Not comparable,0.625,0.1964285714285714,False,False"
results/interface_necessity.csv,line 25,"AID,innate_signal,Not comparable,0.4285714285714286,Not comparable,0.7777777777777778,0.3492063492063492,False,False"
results/interface_necessity.csv,line 26,"AID,recognition,Not comparable,0.4285714285714286,Not comparable,0.9,0.4714285714285714,False,False"
results/mcrl2_synthetic_validation.csv,line 1,"case,python_strong_bisimilar,python_weak_bisimilar,mcrl2_strong_bisimilar,mcrl2_weak_bisimilar,mcrl2_weak_trace_equivalent,python_mcrl2_strong_agree,python_mcrl2_weak_agree,mcrl2_trace_matches_predeclared,mcrl2_version"
results/mcrl2_synthetic_validation.csv,line 7,"trace-equivalent branching,False,False,False,False,True,True,True,True,ltscompare mCRL2 toolset 202607.0 (Release)"
results/phase6_comparisons.csv,line 1,"module,hallmark,strong_bisimilar,weak_bisimilar,plant_simulated_by_animal,animal_simulated_by_plant,distance,verdict,n_states_animal,n_states_plant"
results/phase6_comparisons.csv,line 2,"GIM,Genome Instability & Mutation (DNA repair),False,True,True,True,0.0,Comparable (weak bisimulation),13,14"
results/phase6_comparisons.csv,line 3,"DCE,Deregulating Cellular Energetics (metabolism),False,True,True,True,0.0,Comparable (weak bisimulation),6,7"
results/phase6_comparisons.csv,line 4,"SPS,Sustaining Proliferative Signaling / Replicative Immortality,False,True,True,True,0.0,Comparable (weak bisimulation),6,7"
results/phase6_comparisons.csv,line 5,"RCD,Resisting Cell Death (cell death / autophagy),False,False,True,False,0.1428571428571429,Partial: sub-mechanism simulated (plant ⊑ animal),7,7"
results/phase6_comparisons.csv,line 6,"AID,Avoiding Immune Destruction (negative control),False,False,False,False,0.4285714285714286,Not comparable,6,5"
results/pn_gdda_native_modules.csv,line 1,"module,animal_net,plant_net,animal_places,animal_transitions,plant_places,plant_transitions,pn_gdda_592_similarity,pn_gdda_576_similarity,catalog_sensitivity_delta,pn_gdda_equivalent_at_0_9,weak_bisimilar,plant_simulated_by_animal,animal_simulated_by_plant,formal_class,formal_verdict"
results/pn_gdda_native_modules.csv,line 2,"GIM,GIM_animal,GIM_plant,12,11,13,12,0.9975845917160132,0.9975174970414581,-6.709467455512375e-05,True,True,True,True,weak equivalence,Comparable (weak bisimulation)"
results/pn_gdda_native_modules.csv,line 3,"DCE,DCE_animal,DCE_plant,6,6,7,7,0.9968819468819469,0.9967953342953343,-8.661258661257776e-05,True,True,True,True,weak equivalence,Comparable (weak bisimulation)"
results/pn_gdda_native_modules.csv,line 4,"SPS,SPS_animal,SPS_plant,6,6,7,7,1.0,1.0,0.0,True,True,True,True,weak equivalence,Comparable (weak bisimulation)"
results/pn_gdda_native_modules.csv,line 5,"RCD,RCD_animal,RCD_plant,7,6,7,6,1.0,1.0,0.0,True,False,True,False,one-way simulation,Partial: sub-mechanism simulated (plant ⊑ animal)"
results/pn_gdda_native_modules.csv,line 6,"AID,AID_animal,AID_plant,6,5,5,4,0.9906853281853282,0.9904265873015873,-0.0002587408837408933,True,False,False,False,not comparable,Not comparable"
results/public_model_validation.csv,line 1,"model,case,expected_strong,expected_weak,expected_weak_trace,python_strong_bisimilar,python_weak_bisimilar,lts_gda_similarity,lts_gda_equivalent_at_0_9,mcrl2_strong_bisimilar,mcrl2_weak_bisimilar,mcrl2_weak_trace_equivalent,python_mcrl2_strong_agree,python_mcrl2_weak_agree,all_expected_results_match,n_states_reference,n_states_candidate,n_edges_reference,n_edges_candidate,mcrl2_version,source_sha256"
results/robustness.csv,line 1,"module,base_verdict,frac_bisim_preserved,frac_verdict_preserved,n"
results/robustness.csv,line 2,"GIM,Comparable (weak bisimulation),1.0,1.0,300"
results/robustness.csv,line 3,"DCE,Comparable (weak bisimulation),1.0,1.0,300"
results/robustness.csv,line 4,"SPS,Comparable (weak bisimulation),1.0,1.0,300"
results/robustness.csv,line 5,"RCD,Partial: sub-mechanism simulated (plant ⊑ animal),1.0,1.0,300"
results/robustness.csv,line 6,"AID,Not comparable,1.0,1.0,300"
results/scalability_runtime.csv,line 1,"n_steps,variant,n_states_reference,n_states_candidate,n_edges_reference,n_edges_candidate,candidate_relation_pairs,strong_bisimulation_ms,weak_bisimulation_ms,two_simulations_ms,trace_distance_ms,total_runtime_ms,formal_class,repeats"
results/synthetic_benchmark.csv,line 1,"strong_bisimilar,weak_bisimilar,reference_simulated_by_candidate,candidate_simulated_by_reference,trace_distance,trace_equivalent_at_k,structural_similarity,structurally_equivalent_at_0_9,lts_gda_similarity,lts_gda_equivalent_at_0_9,formal_class,n_states_reference,n_states_candidate,n_edges_reference,n_edges_candidate,case,expected_class,formal_match,expected_weak_equivalent,pn_gdda_592_similarity,pn_gdda_576_similarity,pn_gdda_catalog_sensitivity_delta,pn_gdda_equivalent_at_0_9,rationale"
results/synthetic_benchmark.csv,line 4,"False,False,False,False,0.8,False,0.9,True,0.71875,False,not comparable,13,13,12,12,label mismatch,not comparable,True,False,1.0,1.0,0.0,True,One recurring observable is replaced by an unmatched label."
results/synthetic_benchmark.csv,line 5,"False,False,False,False,0.5,False,1.0,True,0.8846153846153846,False,not comparable,13,13,12,12,label order swap,not comparable,True,False,1.0,1.0,0.0,True,Topology and label counts are fixed but observable order changes."
results/synthetic_benchmark.csv,line 6,"False,False,True,False,0.09999999999999998,False,0.8936813186813186,False,0.914359131553251,True,reference simulated by candidate,13,14,12,13,added branch,reference simulated by candidate,True,False,0.9676377540125518,0.9667388027351227,-0.0008989512774291164,True,The candidate preserves the workflow and adds an extra outcome."
results/synthetic_benchmark.csv,line 7,"False,False,False,True,0.0,True,0.7749999999999999,False,0.5278450416779311,False,candidate simulated by reference,4,5,3,4,trace-equivalent branching,candidate simulated by reference,True,False,0.9657306048195303,0.9647786771756284,-0.0009519276439019508,True,""Trace sets agree, but choice is resolved at a different time."""
results/direction_audit_R2.json,line 5,"""direction_convention"": ""left_simulated_by_right means left <=_w right; right matches left"","
results/direction_audit_R2.json,line 6,"""exact_trace_equal"": true,"
results/direction_audit_R2.json,line 10,"""left_simulated_by_right"": true,"
results/direction_audit_R2.json,line 11,"""right_simulated_by_left"": true,"
results/direction_audit_R2.json,line 12,"""strong_bisimilar"": true,"
results/direction_audit_R2.json,line 13,"""weak_bisimilar"": true"
results/direction_audit_R2.json,line 18,"""left_simulated_by_right"": true,"
results/direction_audit_R2.json,line 22,"""right_simulated_by_left"": true,"
results/direction_audit_R2.json,line 24,"""strong_bisimilar"": true,"
results/direction_audit_R2.json,line 27,"""weak_bisimilar"": true"
results/direction_audit_R2.json,line 32,"""direction_convention"": ""left_simulated_by_right means left <=_w right; right matches left"","
results/direction_audit_R2.json,line 33,"""exact_trace_equal"": true,"
results/direction_audit_R2.json,line 37,"""left_simulated_by_right"": true,"
results/direction_audit_R2.json,line 38,"""right_simulated_by_left"": true,"
results/direction_audit_R2.json,line 39,"""strong_bisimilar"": false,"
results/direction_audit_R2.json,line 40,"""weak_bisimilar"": true"
results/direction_audit_R2.json,line 45,"""left_simulated_by_right"": true,"
results/direction_audit_R2.json,line 49,"""right_simulated_by_left"": true,"
results/direction_audit_R2.json,line 51,"""strong_bisimilar"": false,"
results/direction_audit_R2.json,line 54,"""weak_bisimilar"": true"
results/direction_audit_R2.json,line 58,"""computed_class"": ""not comparable"","
results/direction_audit_R2.json,line 59,"""direction_convention"": ""left_simulated_by_right means left <=_w right; right matches left"","
results/direction_audit_R2.json,line 60,"""exact_trace_equal"": false,"
results/direction_audit_R2.json,line 61,"""expected_class"": ""not comparable"","
results/direction_audit_R2.json,line 64,"""left_simulated_by_right"": false,"
results/direction_audit_R2.json,line 65,"""right_simulated_by_left"": false,"
results/direction_audit_R2.json,line 66,"""strong_bisimilar"": false,"
results/direction_audit_R2.json,line 67,"""weak_bisimilar"": false"
results/direction_audit_R2.json,line 76,"""left_simulated_by_right"": false,"
results/direction_audit_R2.json,line 84,"""right_simulated_by_left"": false,"
results/direction_audit_R2.json,line 86,"""strong_bisimilar"": false,"
results/direction_audit_R2.json,line 89,"""weak_bisimilar"": false"
results/direction_audit_R2.json,line 93,"""computed_class"": ""not comparable"","
results/direction_audit_R2.json,line 94,"""direction_convention"": ""left_simulated_by_right means left <=_w right; right matches left"","
results/direction_audit_R2.json,line 95,"""exact_trace_equal"": false,"
results/direction_audit_R2.json,line 96,"""expected_class"": ""not comparable"","
results/direction_audit_R2.json,line 99,"""left_simulated_by_right"": false,"
results/direction_audit_R2.json,line 100,"""right_simulated_by_left"": false,"
results/direction_audit_R2.json,line 101,"""strong_bisimilar"": false,"
results/direction_audit_R2.json,line 102,"""weak_bisimilar"": false"
results/direction_audit_R2.json,line 114,"""left_simulated_by_right"": false,"
results/direction_audit_R2.json,line 125,"""right_simulated_by_left"": false,"
results/direction_audit_R2.json,line 127,"""strong_bisimilar"": false,"
results/direction_audit_R2.json,line 130,"""weak_bisimilar"": false"
results/direction_audit_R2.json,line 134,"""computed_class"": ""reference simulated by candidate"","
results/direction_audit_R2.json,line 135,"""direction_convention"": ""left_simulated_by_right means left <=_w right; right matches left"","
results/direction_audit_R2.json,line 136,"""exact_trace_equal"": false,"
results/direction_audit_R2.json,line 137,"""expected_class"": ""reference simulated by candidate"","
results/direction_audit_R2.json,line 140,"""left_simulated_by_right"": true,"
results/direction_audit_R2.json,line 141,"""right_simulated_by_left"": false,"
results/direction_audit_R2.json,line 142,"""strong_bisimilar"": false,"
results/direction_audit_R2.json,line 143,"""weak_bisimilar"": false"
results/direction_audit_R2.json,line 148,"""left_simulated_by_right"": true,"
results/direction_audit_R2.json,line 160,"""right_simulated_by_left"": false,"
results/direction_audit_R2.json,line 162,"""strong_bisimilar"": false,"
results/direction_audit_R2.json,line 165,"""weak_bisimilar"": false"
results/direction_audit_R2.json,line 168,"""case"": ""synthetic_trace-equivalent branching"","
results/direction_audit_R2.json,line 169,"""computed_class"": ""candidate simulated by reference"","
results/direction_audit_R2.json,line 170,"""direction_convention"": ""left_simulated_by_right means left <=_w right; right matches left"","
results/direction_audit_R2.json,line 171,"""exact_trace_equal"": true,"
results/direction_audit_R2.json,line 172,"""expected_class"": ""candidate simulated by reference"","
results/direction_audit_R2.json,line 175,"""left_simulated_by_right"": false,"
results/direction_audit_R2.json,line 176,"""right_simulated_by_left"": true,"
results/direction_audit_R2.json,line 177,"""strong_bisimilar"": false,"
results/direction_audit_R2.json,line 178,"""weak_bisimilar"": false"
results/direction_audit_R2.json,line 183,"""left_simulated_by_right"": false,"
results/direction_audit_R2.json,line 187,"""right_simulated_by_left"": true,"
results/direction_audit_R2.json,line 189,"""strong_bisimilar"": false,"
results/direction_audit_R2.json,line 192,"""weak_bisimilar"": false"
results/direction_audit_R2.json,line 196,"""direction_convention"": ""left_simulated_by_right means left <=_w right; right matches left"","
results/direction_audit_R2.json,line 197,"""exact_trace_equal"": true,"
results/direction_audit_R2.json,line 199,"""left_simulated_by_right"": true,"
results/direction_audit_R2.json,line 200,"""right_simulated_by_left"": true,"
results/direction_audit_R2.json,line 201,"""strong_bisimilar"": false,"
results/direction_audit_R2.json,line 202,"""weak_bisimilar"": true"
results/direction_audit_R2.json,line 207,"""left_simulated_by_right"": true,"
results/direction_audit_R2.json,line 211,"""right_simulated_by_left"": true,"
results/direction_audit_R2.json,line 213,"""strong_bisimilar"": false,"
results/direction_audit_R2.json,line 215,"""weak_bisimilar"": true"
results/direction_audit_R2.json,line 219,"""direction_convention"": ""left_simulated_by_right means left <=_w right; right matches left"","
results/direction_audit_R2.json,line 220,"""exact_trace_equal"": true,"
results/direction_audit_R2.json,line 222,"""left_simulated_by_right"": true,"
results/direction_audit_R2.json,line 223,"""right_simulated_by_left"": true,"
results/direction_audit_R2.json,line 224,"""strong_bisimilar"": false,"
results/direction_audit_R2.json,line 225,"""weak_bisimilar"": true"
results/direction_audit_R2.json,line 230,"""left_simulated_by_right"": true,"
results/direction_audit_R2.json,line 234,"""right_simulated_by_left"": true,"
results/direction_audit_R2.json,line 236,"""strong_bisimilar"": false,"
results/direction_audit_R2.json,line 238,"""weak_bisimilar"": true"
results/direction_audit_R2.json,line 242,"""direction_convention"": ""left_simulated_by_right means left <=_w right; right matches left"","
results/direction_audit_R2.json,line 243,"""exact_trace_equal"": false,"
results/direction_audit_R2.json,line 245,"""left_simulated_by_right"": false,"
results/direction_audit_R2.json,line 246,"""right_simulated_by_left"": false,"
results/direction_audit_R2.json,line 247,"""strong_bisimilar"": false,"
results/direction_audit_R2.json,line 248,"""weak_bisimilar"": false"
results/direction_audit_R2.json,line 259,"""left_simulated_by_right"": false,"
results/direction_audit_R2.json,line 269,"""right_simulated_by_left"": false,"
results/direction_audit_R2.json,line 271,"""strong_bisimilar"": false,"
results/direction_audit_R2.json,line 273,"""weak_bisimilar"": false"
results/direction_audit_R2.json,line 277,"""direction_convention"": ""left_simulated_by_right means left <=_w right; right matches left"","
results/direction_audit_R2.json,line 278,"""exact_trace_equal"": true,"
results/direction_audit_R2.json,line 280,"""left_simulated_by_right"": true,"
results/direction_audit_R2.json,line 281,"""right_simulated_by_left"": true,"
results/direction_audit_R2.json,line 282,"""strong_bisimilar"": false,"
results/direction_audit_R2.json,line 283,"""weak_bisimilar"": true"
results/direction_audit_R2.json,line 288,"""left_simulated_by_right"": true,"
results/direction_audit_R2.json,line 292,"""right_simulated_by_left"": true,"
results/direction_audit_R2.json,line 294,"""strong_bisimilar"": false,"
results/direction_audit_R2.json,line 296,"""weak_bisimilar"": true"
results/direction_audit_R2.json,line 300,"""direction_convention"": ""left_simulated_by_right means left <=_w right; right matches left"","
results/direction_audit_R2.json,line 301,"""exact_trace_equal"": true,"
results/direction_audit_R2.json,line 303,"""left_simulated_by_right"": true,"
results/direction_audit_R2.json,line 304,"""right_simulated_by_left"": true,"
results/direction_audit_R2.json,line 305,"""strong_bisimilar"": false,"
results/direction_audit_R2.json,line 306,"""weak_bisimilar"": true"
results/direction_audit_R2.json,line 311,"""left_simulated_by_right"": true,"
results/direction_audit_R2.json,line 315,"""right_simulated_by_left"": true,"
results/direction_audit_R2.json,line 317,"""strong_bisimilar"": false,"
results/direction_audit_R2.json,line 319,"""weak_bisimilar"": true"
results/direction_audit_R2.json,line 323,"""direction_convention"": ""left_simulated_by_right means left <=_w right; right matches left"","
results/direction_audit_R2.json,line 324,"""exact_trace_equal"": true,"
results/direction_audit_R2.json,line 326,"""left_simulated_by_right"": true,"
results/direction_audit_R2.json,line 327,"""right_simulated_by_left"": true,"
results/direction_audit_R2.json,line 328,"""strong_bisimilar"": false,"
results/direction_audit_R2.json,line 329,"""weak_bisimilar"": true"
results/direction_audit_R2.json,line 334,"""left_simulated_by_right"": true,"
results/direction_audit_R2.json,line 338,"""right_simulated_by_left"": true,"
results/direction_audit_R2.json,line 340,"""strong_bisimilar"": false,"
results/direction_audit_R2.json,line 342,"""weak_bisimilar"": true"
results/direction_audit_R2.json,line 346,"""direction_convention"": ""left_simulated_by_right means left <=_w right; right matches left"","
results/direction_audit_R2.json,line 347,"""exact_trace_equal"": false,"
results/direction_audit_R2.json,line 349,"""left_simulated_by_right"": false,"
results/direction_audit_R2.json,line 350,"""right_simulated_by_left"": true,"
results/direction_audit_R2.json,line 351,"""strong_bisimilar"": false,"
results/direction_audit_R2.json,line 352,"""weak_bisimilar"": false"
results/direction_audit_R2.json,line 363,"""left_simulated_by_right"": false,"
results/direction_audit_R2.json,line 367,"""right_simulated_by_left"": true,"
results/direction_audit_R2.json,line 369,"""strong_bisimilar"": false,"
results/direction_audit_R2.json,line 371,"""weak_bisimilar"": false"
results/direction_audit_R2.json,line 375,"""direction_convention"": ""left_simulated_by_right means left <=_w right; right matches left"","
results/direction_audit_R2.json,line 376,"""exact_trace_equal"": false,"
results/direction_audit_R2.json,line 378,"""left_simulated_by_right"": false,"
results/direction_audit_R2.json,line 379,"""right_simulated_by_left"": false,"
results/direction_audit_R2.json,line 380,"""strong_bisimilar"": false,"
results/direction_audit_R2.json,line 381,"""weak_bisimilar"": false"
results/direction_audit_R2.json,line 389,"""left_simulated_by_right"": false,"
results/direction_audit_R2.json,line 396,"""right_simulated_by_left"": false,"
results/direction_audit_R2.json,line 398,"""strong_bisimilar"": false,"
results/direction_audit_R2.json,line 400,"""weak_bisimilar"": false"
results/direction_audit_R2.json,line 404,"""direction_convention"": ""left_simulated_by_right means left <=_w right; right matches left"","
results/direction_audit_R2.json,line 405,"""exact_trace_equal"": false,"
results/direction_audit_R2.json,line 407,"""left_simulated_by_right"": false,"
results/direction_audit_R2.json,line 408,"""right_simulated_by_left"": true,"
results/direction_audit_R2.json,line 409,"""strong_bisimilar"": false,"
results/direction_audit_R2.json,line 410,"""weak_bisimilar"": false"
results/direction_audit_R2.json,line 417,"""left_simulated_by_right"": false,"
results/direction_audit_R2.json,line 421,"""right_simulated_by_left"": true,"
results/direction_audit_R2.json,line 423,"""strong_bisimilar"": false,"
results/direction_audit_R2.json,line 425,"""weak_bisimilar"": false"
results/direction_audit_R2.json,line 429,"""direction_convention"": ""left_simulated_by_right means left <=_w right; right matches left"","
results/direction_audit_R2.json,line 430,"""exact_trace_equal"": false,"
results/direction_audit_R2.json,line 432,"""left_simulated_by_right"": false,"
results/direction_audit_R2.json,line 433,"""right_simulated_by_left"": false,"
results/direction_audit_R2.json,line 434,"""strong_bisimilar"": false,"
results/direction_audit_R2.json,line 435,"""weak_bisimilar"": false"
results/direction_audit_R2.json,line 442,"""left_simulated_by_right"": false,"
results/direction_audit_R2.json,line 448,"""right_simulated_by_left"": false,"
results/direction_audit_R2.json,line 450,"""strong_bisimilar"": false,"
results/direction_audit_R2.json,line 452,"""weak_bisimilar"": false"
results/direction_audit_R2.json,line 456,"""direction_convention"": ""left_simulated_by_right means left <=_w right; right matches left"","
results/direction_audit_R2.json,line 457,"""exact_trace_equal"": false,"
results/direction_audit_R2.json,line 459,"""left_simulated_by_right"": true,"
results/direction_audit_R2.json,line 460,"""right_simulated_by_left"": false,"
results/direction_audit_R2.json,line 461,"""strong_bisimilar"": false,"
results/direction_audit_R2.json,line 462,"""weak_bisimilar"": false"
results/direction_audit_R2.json,line 467,"""left_simulated_by_right"": true,"
results/direction_audit_R2.json,line 473,"""right_simulated_by_left"": false,"
results/direction_audit_R2.json,line 475,"""strong_bisimilar"": false,"
results/direction_audit_R2.json,line 477,"""weak_bisimilar"": false"
results/direction_audit_R2.json,line 481,"""direction_convention"": ""left_simulated_by_right means left <=_w right; right matches left"","
results/direction_audit_R2.json,line 482,"""exact_trace_equal"": false,"
results/direction_audit_R2.json,line 484,"""left_simulated_by_right"": false,"
results/direction_audit_R2.json,line 485,"""right_simulated_by_left"": true,"
results/direction_audit_R2.json,line 486,"""strong_bisimilar"": false,"
results/direction_audit_R2.json,line 487,"""weak_bisimilar"": false"
results/direction_audit_R2.json,line 494,"""left_simulated_by_right"": false,"
results/direction_audit_R2.json,line 498,"""right_simulated_by_left"": true,"
results/direction_audit_R2.json,line 500,"""strong_bisimilar"": false,"
results/direction_audit_R2.json,line 502,"""weak_bisimilar"": false"
results/direction_audit_R2.json,line 506,"""direction_convention"": ""left_simulated_by_right means left <=_w right; right matches left"","
results/direction_audit_R2.json,line 507,"""exact_trace_equal"": false,"
results/direction_audit_R2.json,line 509,"""left_simulated_by_right"": false,"
results/direction_audit_R2.json,line 510,"""right_simulated_by_left"": false,"
results/direction_audit_R2.json,line 511,"""strong_bisimilar"": false,"
results/direction_audit_R2.json,line 512,"""weak_bisimilar"": false"
results/direction_audit_R2.json,line 519,"""left_simulated_by_right"": false,"
results/direction_audit_R2.json,line 525,"""right_simulated_by_left"": false,"
results/direction_audit_R2.json,line 527,"""strong_bisimilar"": false,"
results/direction_audit_R2.json,line 529,"""weak_bisimilar"": false"
results/direction_audit_R2.json,line 533,"""direction_convention"": ""left_simulated_by_right means left <=_w right; right matches left"","
results/direction_audit_R2.json,line 534,"""exact_trace_equal"": false,"
results/direction_audit_R2.json,line 536,"""left_simulated_by_right"": false,"
results/direction_audit_R2.json,line 537,"""right_simulated_by_left"": false,"
results/direction_audit_R2.json,line 538,"""strong_bisimilar"": false,"
results/direction_audit_R2.json,line 539,"""weak_bisimilar"": false"
results/direction_audit_R2.json,line 546,"""left_simulated_by_right"": false,"
results/direction_audit_R2.json,line 552,"""right_simulated_by_left"": false,"
results/direction_audit_R2.json,line 554,"""strong_bisimilar"": false,"
results/direction_audit_R2.json,line 556,"""weak_bisimilar"": false"
results/direction_audit_R2.json,line 560,"""direction_convention"": ""left_simulated_by_right means left <=_w right; right matches left"","
results/direction_audit_R2.json,line 561,"""exact_trace_equal"": false,"
results/direction_audit_R2.json,line 563,"""left_simulated_by_right"": false,"
results/direction_audit_R2.json,line 564,"""right_simulated_by_left"": true,"
results/direction_audit_R2.json,line 565,"""strong_bisimilar"": false,"
results/direction_audit_R2.json,line 566,"""weak_bisimilar"": false"
results/direction_audit_R2.json,line 573,"""left_simulated_by_right"": false,"
results/direction_audit_R2.json,line 577,"""right_simulated_by_left"": true,"
results/direction_audit_R2.json,line 579,"""strong_bisimilar"": false,"
results/direction_audit_R2.json,line 581,"""weak_bisimilar"": false"
results/direction_audit_R2.json,line 585,"""direction_convention"": ""left_simulated_by_right means left <=_w right; right matches left"","
results/direction_audit_R2.json,line 586,"""exact_trace_equal"": false,"
results/direction_audit_R2.json,line 588,"""left_simulated_by_right"": true,"
results/direction_audit_R2.json,line 589,"""right_simulated_by_left"": false,"
results/direction_audit_R2.json,line 590,"""strong_bisimilar"": false,"
results/direction_audit_R2.json,line 591,"""weak_bisimilar"": false"
results/direction_audit_R2.json,line 596,"""left_simulated_by_right"": true,"
results/direction_audit_R2.json,line 602,"""right_simulated_by_left"": false,"
results/direction_audit_R2.json,line 604,"""strong_bisimilar"": false,"
results/direction_audit_R2.json,line 606,"""weak_bisimilar"": false"
results/direction_audit_R2.json,line 610,"""direction_convention"": ""left_simulated_by_right means left <=_w right; right matches left"","
results/direction_audit_R2.json,line 611,"""exact_trace_equal"": false,"
results/direction_audit_R2.json,line 613,"""left_simulated_by_right"": true,"
results/direction_audit_R2.json,line 614,"""right_simulated_by_left"": false,"
results/direction_audit_R2.json,line 615,"""strong_bisimilar"": false,"
results/direction_audit_R2.json,line 616,"""weak_bisimilar"": false"
results/direction_audit_R2.json,line 621,"""left_simulated_by_right"": true,"
results/direction_audit_R2.json,line 627,"""right_simulated_by_left"": false,"
results/direction_audit_R2.json,line 629,"""strong_bisimilar"": false,"
results/direction_audit_R2.json,line 631,"""weak_bisimilar"": false"
results/direction_audit_R2.json,line 635,"""direction_convention"": ""left_simulated_by_right means left <=_w right; right matches left"","
results/direction_audit_R2.json,line 636,"""exact_trace_equal"": false,"
results/direction_audit_R2.json,line 638,"""left_simulated_by_right"": false,"
results/direction_audit_R2.json,line 639,"""right_simulated_by_left"": true,"
results/direction_audit_R2.json,line 640,"""strong_bisimilar"": false,"
results/direction_audit_R2.json,line 641,"""weak_bisimilar"": false"
results/direction_audit_R2.json,line 648,"""left_simulated_by_right"": false,"
results/direction_audit_R2.json,line 652,"""right_simulated_by_left"": true,"
results/direction_audit_R2.json,line 654,"""strong_bisimilar"": false,"
results/direction_audit_R2.json,line 656,"""weak_bisimilar"": false"
results/direction_audit_R2.json,line 660,"""direction_convention"": ""left_simulated_by_right means left <=_w right; right matches left"","
results/direction_audit_R2.json,line 661,"""exact_trace_equal"": false,"
results/direction_audit_R2.json,line 663,"""left_simulated_by_right"": false,"
results/direction_audit_R2.json,line 664,"""right_simulated_by_left"": false,"
results/direction_audit_R2.json,line 665,"""strong_bisimilar"": false,"
results/direction_audit_R2.json,line 666,"""weak_bisimilar"": false"
results/direction_audit_R2.json,line 673,"""left_simulated_by_right"": false,"
results/direction_audit_R2.json,line 679,"""right_simulated_by_left"": false,"
results/direction_audit_R2.json,line 681,"""strong_bisimilar"": false,"
results/direction_audit_R2.json,line 683,"""weak_bisimilar"": false"
results/direction_audit_R2.json,line 687,"""direction_convention"": ""left_simulated_by_right means left <=_w right; right matches left"","
results/direction_audit_R2.json,line 688,"""exact_trace_equal"": false,"
results/direction_audit_R2.json,line 690,"""left_simulated_by_right"": true,"
results/direction_audit_R2.json,line 691,"""right_simulated_by_left"": false,"
results/direction_audit_R2.json,line 692,"""strong_bisimilar"": false,"
results/direction_audit_R2.json,line 693,"""weak_bisimilar"": false"
results/direction_audit_R2.json,line 698,"""left_simulated_by_right"": true,"
results/direction_audit_R2.json,line 704,"""right_simulated_by_left"": false,"
results/direction_audit_R2.json,line 706,"""strong_bisimilar"": false,"
results/direction_audit_R2.json,line 708,"""weak_bisimilar"": false"
results/direction_audit_R2.json,line 712,"""direction_convention"": ""left_simulated_by_right means left <=_w right; right matches left"","
results/direction_audit_R2.json,line 713,"""exact_trace_equal"": false,"
results/direction_audit_R2.json,line 715,"""left_simulated_by_right"": false,"
results/direction_audit_R2.json,line 716,"""right_simulated_by_left"": false,"
results/direction_audit_R2.json,line 717,"""strong_bisimilar"": false,"
results/direction_audit_R2.json,line 718,"""weak_bisimilar"": false"
results/direction_audit_R2.json,line 725,"""left_simulated_by_right"": false,"
results/direction_audit_R2.json,line 731,"""right_simulated_by_left"": false,"
results/direction_audit_R2.json,line 733,"""strong_bisimilar"": false,"
results/direction_audit_R2.json,line 735,"""weak_bisimilar"": false"
results/direction_audit_R2.json,line 739,"""direction_convention"": ""left_simulated_by_right means left <=_w right; right matches left"","
results/direction_audit_R2.json,line 740,"""exact_trace_equal"": false,"
results/direction_audit_R2.json,line 742,"""left_simulated_by_right"": false,"
results/direction_audit_R2.json,line 743,"""right_simulated_by_left"": false,"
results/direction_audit_R2.json,line 744,"""strong_bisimilar"": false,"
results/direction_audit_R2.json,line 745,"""weak_bisimilar"": false"
results/direction_audit_R2.json,line 752,"""left_simulated_by_right"": false,"
results/direction_audit_R2.json,line 758,"""right_simulated_by_left"": false,"
results/direction_audit_R2.json,line 760,"""strong_bisimilar"": false,"
results/direction_audit_R2.json,line 762,"""weak_bisimilar"": false"
results/direction_audit_R2.json,line 766,"""direction_convention"": ""left_simulated_by_right means left <=_w right; right matches left"","
results/direction_audit_R2.json,line 767,"""exact_trace_equal"": false,"
results/direction_audit_R2.json,line 769,"""left_simulated_by_right"": false,"
results/direction_audit_R2.json,line 770,"""right_simulated_by_left"": false,"
results/direction_audit_R2.json,line 771,"""strong_bisimilar"": false,"
results/direction_audit_R2.json,line 772,"""weak_bisimilar"": false"
results/direction_audit_R2.json,line 779,"""left_simulated_by_right"": false,"
results/direction_audit_R2.json,line 785,"""right_simulated_by_left"": false,"
results/direction_audit_R2.json,line 787,"""strong_bisimilar"": false,"
results/direction_audit_R2.json,line 789,"""weak_bisimilar"": false"
results/direction_audit_R2.json,line 793,"""direction_convention"": ""left_simulated_by_right means left <=_w right; right matches left"","
results/direction_audit_R2.json,line 794,"""exact_trace_equal"": false,"
results/direction_audit_R2.json,line 796,"""left_simulated_by_right"": false,"
results/direction_audit_R2.json,line 797,"""right_simulated_by_left"": true,"
results/direction_audit_R2.json,line 798,"""strong_bisimilar"": false,"
results/direction_audit_R2.json,line 799,"""weak_bisimilar"": false"
results/direction_audit_R2.json,line 806,"""left_simulated_by_right"": false,"
results/direction_audit_R2.json,line 810,"""right_simulated_by_left"": true,"
results/direction_audit_R2.json,line 812,"""strong_bisimilar"": false,"
results/direction_audit_R2.json,line 814,"""weak_bisimilar"": false"
results/direction_audit_R2.json,line 818,"""direction_convention"": ""left_simulated_by_right means left <=_w right; right matches left"","
results/direction_audit_R2.json,line 819,"""exact_trace_equal"": false,"
results/direction_audit_R2.json,line 821,"""left_simulated_by_right"": false,"
results/direction_audit_R2.json,line 822,"""right_simulated_by_left"": false,"
results/direction_audit_R2.json,line 823,"""strong_bisimilar"": false,"
results/direction_audit_R2.json,line 824,"""weak_bisimilar"": false"
results/direction_audit_R2.json,line 831,"""left_simulated_by_right"": false,"
results/direction_audit_R2.json,line 837,"""right_simulated_by_left"": false,"
results/direction_audit_R2.json,line 839,"""strong_bisimilar"": false,"
results/direction_audit_R2.json,line 841,"""weak_bisimilar"": false"
results/direction_audit_R2.json,line 845,"""direction_convention"": ""left_simulated_by_right means left <=_w right; right matches left"","
results/direction_audit_R2.json,line 846,"""exact_trace_equal"": false,"
results/direction_audit_R2.json,line 848,"""left_simulated_by_right"": true,"
results/direction_audit_R2.json,line 849,"""right_simulated_by_left"": false,"
results/direction_audit_R2.json,line 850,"""strong_bisimilar"": false,"
results/direction_audit_R2.json,line 851,"""weak_bisimilar"": false"
results/direction_audit_R2.json,line 856,"""left_simulated_by_right"": true,"
results/direction_audit_R2.json,line 862,"""right_simulated_by_left"": false,"
results/direction_audit_R2.json,line 864,"""strong_bisimilar"": false,"
results/direction_audit_R2.json,line 866,"""weak_bisimilar"": false"
results/example1_simulation_audit.json,line 26,"""contains_initial_pair"": true,"
results/example1_simulation_audit.json,line 30,"""direction_convention"": ""left_simulated_by_right means left <=_w right; right matches left"","
results/example1_simulation_audit.json,line 31,"""early_simulated_by_late"": true,"
results/example1_simulation_audit.json,line 67,"""exact_trace_equal"": true,"
results/example1_simulation_audit.json,line 70,"""left_simulated_by_right"": false,"
results/example1_simulation_audit.json,line 71,"""right_simulated_by_left"": true,"
results/example1_simulation_audit.json,line 72,"""strong_bisimilar"": false,"
results/example1_simulation_audit.json,line 73,"""weak_bisimilar"": false"
results/example1_simulation_audit.json,line 76,"""late_simulated_by_early"": false,"
results/example1_simulation_audit.json,line 216,"""left_simulated_by_right"": false,"
results/example1_simulation_audit.json,line 220,"""right_simulated_by_left"": true,"
results/example1_simulation_audit.json,line 222,"""strong_bisimilar"": false,"
results/example1_simulation_audit.json,line 312,"""weak_bisimilar"": false"
results/exhaustive_formal_audit_R2.json,line 9,"""equal_traces_without_bisimulation"": {"
results/exhaustive_formal_audit_R2.json,line 32,"""mutual_without_bisimulation"": {"
results/exhaustive_formal_audit_R2.json,line 61,"""equal_traces_without_bisimulation"": 4848,"
results/exhaustive_formal_audit_R2.json,line 62,"""mutual_without_bisimulation"": 4848,"
results/exhaustive_formal_audit_R2.json,line 63,"""one_way_with_equal_traces"": 0"
results/exhaustive_formal_audit_R2.json,line 65,"""simulation_reflexive"": true,"
results/exhaustive_formal_audit_R2.json,line 66,"""simulation_transitive"": true,"
results/exhaustive_formal_audit_R2.json,line 67,"""weak_bisimilar_pairs"": 41080"
results/hierarchy_audit_R2.json,line 4,"""direction_convention"": ""left_simulated_by_right means left <=_w right; right matches left"","
results/hierarchy_audit_R2.json,line 5,"""exact_trace_equal"": true,"
results/hierarchy_audit_R2.json,line 7,"""left_simulated_by_right"": true,"
results/hierarchy_audit_R2.json,line 8,"""right_simulated_by_left"": true,"
results/hierarchy_audit_R2.json,line 9,"""strong_bisimilar"": false,"
results/hierarchy_audit_R2.json,line 10,"""weak_bisimilar"": true"
results/hierarchy_audit_R2.json,line 15,"""left_simulated_by_right"": true,"
results/hierarchy_audit_R2.json,line 19,"""right_simulated_by_left"": true,"
results/hierarchy_audit_R2.json,line 21,"""strong_bisimilar"": false,"
results/hierarchy_audit_R2.json,line 23,"""weak_bisimilar"": true"
results/hierarchy_audit_R2.json,line 26,"""case"": ""mutual_not_bisimilar"","
results/hierarchy_audit_R2.json,line 27,"""direction_convention"": ""left_simulated_by_right means left <=_w right; right matches left"","
results/hierarchy_audit_R2.json,line 28,"""exact_trace_equal"": true,"
results/hierarchy_audit_R2.json,line 30,"""left_simulated_by_right"": true,"
results/hierarchy_audit_R2.json,line 31,"""right_simulated_by_left"": true,"
results/hierarchy_audit_R2.json,line 32,"""strong_bisimilar"": false,"
results/hierarchy_audit_R2.json,line 33,"""weak_bisimilar"": false"
results/hierarchy_audit_R2.json,line 38,"""left_simulated_by_right"": true,"
results/hierarchy_audit_R2.json,line 42,"""right_simulated_by_left"": true,"
results/hierarchy_audit_R2.json,line 44,"""strong_bisimilar"": false,"
results/hierarchy_audit_R2.json,line 46,"""weak_bisimilar"": false"
results/hierarchy_audit_R2.json,line 49,"""case"": ""traces_not_mutual"","
results/hierarchy_audit_R2.json,line 50,"""direction_convention"": ""left_simulated_by_right means left <=_w right; right matches left"","
results/hierarchy_audit_R2.json,line 51,"""exact_trace_equal"": true,"
results/hierarchy_audit_R2.json,line 53,"""left_simulated_by_right"": false,"
results/hierarchy_audit_R2.json,line 54,"""right_simulated_by_left"": true,"
results/hierarchy_audit_R2.json,line 55,"""strong_bisimilar"": false,"
results/hierarchy_audit_R2.json,line 56,"""weak_bisimilar"": false"
results/hierarchy_audit_R2.json,line 61,"""left_simulated_by_right"": false,"
results/hierarchy_audit_R2.json,line 65,"""right_simulated_by_left"": true,"
results/hierarchy_audit_R2.json,line 67,"""strong_bisimilar"": false,"
results/hierarchy_audit_R2.json,line 69,"""weak_bisimilar"": false"
results/hpn_dream_concordance.json,line 7,"""reason_no_formal_class_inference"": ""n=9 is too small and directional simulation classes do not define a biologically justified one-dimensional order"","
results/hpn_dream_concordance.json,line 9,"""one_way_simulation"": {"
results/hpn_dream_concordance.json,line 23,"""left_simulated_by_right"": {"
results/hpn_dream_concordance.json,line 29,"""right_simulated_by_left"": {"
results/hpn_dream_concordance.json,line 35,"""no_simulation_relation"": {"
results/mcrl2_hierarchy_R2.json,line 5,"""mcrl2_strong_bisimilar"": false,"
results/mcrl2_hierarchy_R2.json,line 6,"""mcrl2_weak_bisimilar"": true,"
results/mcrl2_hierarchy_R2.json,line 7,"""mcrl2_weak_trace_equivalent"": true,"
results/mcrl2_hierarchy_R2.json,line 13,"""case"": ""mutual_not_bisimilar"","
results/mcrl2_hierarchy_R2.json,line 15,"""mcrl2_strong_bisimilar"": false,"
results/mcrl2_hierarchy_R2.json,line 16,"""mcrl2_weak_bisimilar"": false,"
results/mcrl2_hierarchy_R2.json,line 17,"""mcrl2_weak_trace_equivalent"": true,"
results/mcrl2_hierarchy_R2.json,line 21,"""mcrl2_left_simulated_by_right"": true,"
results/mcrl2_hierarchy_R2.json,line 22,"""left_simulated_by_right_agrees"": true,"
results/mcrl2_hierarchy_R2.json,line 23,"""mcrl2_right_simulated_by_left"": true,"
results/mcrl2_hierarchy_R2.json,line 24,"""right_simulated_by_left_agrees"": true,"
results/mcrl2_hierarchy_R2.json,line 25,"""simulation_scope"": ""Strong simulation equals weak simulation here because both inputs are tau-free"""
results/mcrl2_hierarchy_R2.json,line 28,"""case"": ""traces_not_mutual"","
results/mcrl2_hierarchy_R2.json,line 30,"""mcrl2_strong_bisimilar"": false,"
results/mcrl2_hierarchy_R2.json,line 31,"""mcrl2_weak_bisimilar"": false,"
results/mcrl2_hierarchy_R2.json,line 32,"""mcrl2_weak_trace_equivalent"": true,"
results/mcrl2_hierarchy_R2.json,line 36,"""mcrl2_left_simulated_by_right"": false,"
results/mcrl2_hierarchy_R2.json,line 37,"""left_simulated_by_right_agrees"": true,"
results/mcrl2_hierarchy_R2.json,line 38,"""mcrl2_right_simulated_by_left"": true,"
results/mcrl2_hierarchy_R2.json,line 39,"""right_simulated_by_left_agrees"": true,"
results/mcrl2_hierarchy_R2.json,line 40,"""simulation_scope"": ""Strong simulation equals weak simulation here because both inputs are tau-free"""
results/generalization.tex,line 3,System (vs Human) & Strong bisim. & Weak bisim. & $d$ & Verdict \\
results/generalization.tex,line 6,Yeast & -- & \checkmark & 0.00 & weak bisimulation \\
results/generalization.tex,line 7,Arabidopsis & -- & \checkmark & 0.00 & weak bisimulation \\
results/generalization.tex,line 8,Scrambled-control & -- & -- & 0.92 & not comparable \\
results/phase6_table.tex,line 3,Module & Sub-mechanism & Strong bisim. & Weak bisim. & Pl.$\sqsubseteq$An. & An.$\sqsubseteq$Pl. & $d$ \\
results/pn_gdda_native_modules.tex,line 5,GIM & 0.9976 & 0.9975 & yes & weak bisimulation \\
results/pn_gdda_native_modules.tex,line 6,DCE & 0.9969 & 0.9968 & yes & weak bisimulation \\
results/pn_gdda_native_modules.tex,line 7,SPS & 1.0000 & 1.0000 & yes & weak bisimulation \\
results/pn_gdda_native_modules.tex,line 8,RCD & 1.0000 & 1.0000 & yes & one-way simulation \\
results/pn_gdda_native_modules.tex,line 9,AID & 0.9907 & 0.9904 & yes & not comparable \\
results/reviewer_objections.tex,line 13,The formal verdicts depend on one unverified implementation. & Strong and weak decisions are cross-checked from AUT exports with mCRL2 202607.0; one-way simulation additionally agrees with an independent attacker-defender game on every one- and two-state LTS over a/tau. & mcrl2\_synthetic\_validation.csv; simulation\_oracle\_exhaustive.csv \\
results/reviewer_objections.tex,line 15,The conclusions may be an artefact of asynchronous Boolean updates. & All nine HPN-DREAM comparisons are repeated under a global synchronous stress semantics; seven classes persist and two weaken to non-comparability. & hpn\_dream\_semantic\_sensitivity.csv \\
results/reviewer_objections.tex,line 16,The observational interface may determine the answer. & Three literature-motivated GIM interfaces are executed on unchanged structures: A/B are weakly bisimilar and mechanism-resolved C is non-comparable. & gim\_interface\_sensitivity.csv; gim\_interface\_justification.csv \\
results/reviewer_objections.tex,line 17,Trace distance is not equivalent to bisimulation. & Branching-time bisimulation/simulation is the primary verdict; trace distance is only a ranking and null-test statistic. & Preliminaries and Phase 6 rule \\
results/reviewer_objections.tex,line 21,The immune negative control could be a post-hoc failure case. & AID is pre-declared from non-prioritised immune destruction; it remains non-comparable and non-significant under the null. & Phase 1; AID q=0.154 \\
make_figures.py,line 38,import simulation_oracle as simulation_oracle  # noqa: E402
make_figures.py,line 229,"if r[""weak_bisimilar""]:"
make_figures.py,line 231,"elif r[""plant_simulated_by_animal""] or r[""animal_simulated_by_plant""]:"
make_figures.py,line 237,"tag = (""\u2248 bisim."" if r[""weak_bisimilar""]"
make_figures.py,line 238,"else (""simul."" if (r[""plant_simulated_by_animal""] or r[""animal_simulated_by_plant""])"
make_figures.py,line 246,"mpatches.Patch(color=C_PLANT, label=""Comparable (weak bisimulation)""),"
make_figures.py,line 247,"mpatches.Patch(color=C_GOLD, label=""Partial (simulation)""),"
make_figures.py,line 248,"mpatches.Patch(color=C_RED, label=""Not comparable""),"
make_figures.py,line 254,"props = [""strong_bisimilar"", ""weak_bisimilar"","
make_figures.py,line 255,"""plant_simulated_by_animal"", ""animal_simulated_by_plant""]"
make_figures.py,line 256,"labels = [""Strong\nbisim."", ""Weak\nbisim."", ""Plant\u2291Animal"", ""Animal\u2291Plant""]"
make_figures.py,line 277,"f.write(""Module & Sub-mechanism & Strong bisim. & Weak bisim. & """
make_figures.py,line 283,"f""{yn(r['strong_bisimilar'])} & {yn(r['weak_bisimilar'])} & """
make_figures.py,line 284,"f""{yn(r['plant_simulated_by_animal'])} & """
make_figures.py,line 285,"f""{yn(r['animal_simulated_by_plant'])} & {r['distance']:.2f} \\\\\n"""
make_figures.py,line 466,"""Strong and weak decisions are cross-checked from AUT exports with mCRL2 202607.0; one-way simulation additionally agrees with an independent attacker-defender game on every one- and two-state LTS over a/tau."","
make_figures.py,line 467,"""mcrl2_synthetic_validation.csv; simulation_oracle_exhaustive.csv"","
make_figures.py,line 476,"""All nine HPN-DREAM comparisons are repeated under a global synchronous stress semantics; seven classes persist and two weaken to non-comparability."","
make_figures.py,line 481,"""Three literature-motivated GIM interfaces are executed on unchanged structures: A/B are weakly bisimilar and mechanism-resolved C is non-comparable."","
make_figures.py,line 485,"""Trace distance is not equivalent to bisimulation."","
make_figures.py,line 486,"""Branching-time bisimulation/simulation is the primary verdict; trace distance is only a ranking and null-test statistic."","
make_figures.py,line 506,"""AID is pre-declared from non-prioritised immune destruction; it remains non-comparable and non-significant under the null."","
make_figures.py,line 537,"M = np.array([[int(r[""strong_bisimilar""]), int(r[""weak_bisimilar""])]"
make_figures.py,line 542,"ax.set_xticklabels([""Strong\nbisimulation"", ""Weak\nbisimulation""])"
make_figures.py,line 555,"""Comparable (weak bisimulation)"": ""weak bisimulation"","
make_figures.py,line 556,"""Partial (simulation)"": ""partial (simulation)"","
make_figures.py,line 557,"""Not comparable"": ""not comparable""}"
make_figures.py,line 560,"f.write(""System (vs Human) & Strong bisim. & Weak bisim. & $d$ & """
make_figures.py,line 564,"f.write(f""{r['organism']} & {yn(r['strong_bisimilar'])} & """
make_figures.py,line 565,"f""{yn(r['weak_bisimilar'])} & {r['distance']:.2f} & """
make_figures.py,line 593,"""weak equivalence"": ""weak bisimulation"","
make_figures.py,line 594,"""one-way simulation"": ""one-way simulation"","
make_figures.py,line 595,"""not comparable"": ""not comparable"","
make_figures.py,line 612,"(""Weak\nbisimulation"", df[""weak_bisimilar""].astype(bool).to_numpy()),"
make_figures.py,line 613,"(""Trace\nequality"", df[""trace_equivalent_at_k""].astype(bool).to_numpy()),"
make_figures.py,line 677,"[""Weak bisimulation"", ""Trace equality"", ""PN-GDDA 592"", ""LTS-GDA"", ""Structural profile""],"
make_figures.py,line 721,oracle_result = simulation_oracle.exhaustive_simulation_validation(max_states=2)
make_figures.py,line 726,"os.path.join(RES, ""simulation_oracle_exhaustive.csv""), index=False"
make_figures.py,line 773,"""left_simulated_by_right"","
make_figures.py,line 774,"""right_simulated_by_left"","
make_figures.py,line 775,"""no_simulation_relation"","
make_figures.py,line 778,"r""Left $\preceq$ right"","
make_figures.py,line 779,"r""Right $\preceq$ left"","
make_figures.py,line 780,"""No simulation\nrelation"","
make_figures.py,line 1001,"""weak_bisimulation"": ""weak bisimulation"","
make_figures.py,line 1002,"""not_comparable"": ""not comparable"","
make_figures.py,line 1003,"""animal_simulated_by_plant"": ""animal <= plant"","
make_figures.py,line 1004,"""plant_simulated_by_animal"": ""plant <= animal"","
make_figures.py,line 1005,"""mutual_simulation"": ""mutual simulation"","
make_figures.py,line 1075,"""strong_bisimulation_ms"","
make_figures.py,line 1076,"""weak_bisimulation_ms"","
make_figures.py,line 1077,"""two_simulations_ms"","
make_figures.py,line 1110,"""strong_bisimulation_ms"","
make_figures.py,line 1111,"""weak_bisimulation_ms"","
make_figures.py,line 1112,"""two_simulations_ms"","
make_figures.py,line 1115,"labels = [""Strong bisim."", ""Weak bisim."", ""Two simulations"", ""Trace distance""]"
make_figures.py,line 1164,"simulation_oracle_df,"
make_figures.py,line 1212,"print(df[[""module"", ""strong_bisimilar"", ""weak_bisimilar"","
make_figures.py,line 1213,"""plant_simulated_by_animal"", ""animal_simulated_by_plant"","
make_figures.py,line 1218,"print(gen_df[[""organism"", ""strong_bisimilar"", ""weak_bisimilar"","
make_figures.py,line 1242,"print(""Exhaustive simulation-game oracle:"")"
make_figures.py,line 1243,print(simulation_oracle_df.to_string(index=False))
scripts/make_revision_R2_figures.py,line 74,"ax.axhspan(y-.034, y+.052, xmin=.01, xmax=.99, color=""#edf5f1"" if row[""weak_bisimulation""] == ""True"" else ""#fbebeb"", zorder=0)"
scripts/make_revision_R2_figures.py,line 75,"relation = ""Weakly\nbisimilar"" if row[""weak_bisimulation""] == ""True"" else ""Non-comparable\n(both directions fail)"""
scripts/update_notebook_netmahib.py,line 42,held-out mTOR-inhibitor phosphoproteomic responses. Weak bisimulation is also
scripts/update_notebook_netmahib.py,line 43,"compared with trace equality, direct 151-graphlet/592-slot PN-GDDA, a"
scripts/update_notebook_netmahib.py,line 44,transparent structural profile and labelled LTS-GDA. One-way
scripts/update_notebook_netmahib.py,line 45,simulation is independently checked by an attacker--defender game over every
scripts/update_notebook_netmahib.py,line 58,repository: <https://github.com/cero1979/BisimulationMol>.
scripts/update_notebook_netmahib.py,line 64,- Central GIM result: fixed PN-GDDA 0.9976; weak bisimilarity at A/B; neither
scripts/update_notebook_netmahib.py,line 65,simulation direction at C. This is a conditional model/readout boundary.
scripts/update_notebook_netmahib.py,line 66,- The second-round quantifier audit retains Example 1: early is simulated by
scripts/update_notebook_netmahib.py,line 67,"late, not conversely, despite exact trace equality. All three hierarchy"
scripts/update_notebook_netmahib.py,line 73,"- The independent weak-simulation game agrees on all 67,600 ordered pairs among"
scripts/update_notebook_netmahib.py,line 80,perturbations. Python and mCRL2 agree on all decisions: six pairs have one-way
scripts/update_notebook_netmahib.py,line 81,simulation and three are not comparable.
scripts/update_notebook_netmahib.py,line 86,- Weak bisimulation gives the correct binary equivalence decision in every case;
scripts/update_notebook_netmahib.py,line 87,"trace equality scores 5/6, LTS-GDA 4/6, the structural profile 3/6 and direct"
scripts/update_notebook_netmahib.py,line 94,one-way simulations become non-comparability. LTS-GDA distance has
scripts/update_notebook_netmahib.py,line 101,interfaces. Interfaces A (coarse) and B (pathway-level) are weakly bisimilar
scripts/update_notebook_netmahib.py,line 152,"if ""import simulation_oracle as sim_oracle"" not in setup.source:"
scripts/update_notebook_netmahib.py,line 155,"""import hpn_dream_validation as hpn\nimport simulation_oracle as sim_oracle"","
scripts/update_notebook_netmahib.py,line 170,"strongly or weakly equivalent; one-way simulations remain visible as separate,"
scripts/update_notebook_netmahib.py,line 202,"assert float(baseline.loc[baseline[""method""] == ""weak bisimulation"", ""accuracy""].iloc[0]) == 1.0"
scripts/update_notebook_netmahib.py,line 204,"benchmark[""case""] == ""trace-equivalent branching"", ""trace_equivalent_at_k"""
scripts/update_notebook_netmahib.py,line 222,The machine-readable record contains the JAR hash and both numerical scores. The five curated pairs are
scripts/update_notebook_netmahib.py,line 258,"mCRL2 202607.0. The comparison covers strong bisimulation, weak bisimulation"
scripts/update_notebook_netmahib.py,line 259,and exact weak-trace equivalence. One-way simulation is checked separately by a
scripts/update_notebook_netmahib.py,line 280,simulation_audit = sim_oracle.exhaustive_simulation_validation(max_states=2)
scripts/update_notebook_netmahib.py,line 287,"""python_strong_bisimilar"", ""python_weak_bisimilar"","
scripts/update_notebook_netmahib.py,line 288,"""mcrl2_strong_bisimilar"", ""mcrl2_weak_bisimilar"","
scripts/update_notebook_netmahib.py,line 289,"""mcrl2_weak_trace_equivalent"", ""all_expected_results_match"""
scripts/update_notebook_netmahib.py,line 292,"display(pd.DataFrame([{k: v for k, v in simulation_audit.items() if k != ""counterexamples""}]))"
scripts/update_notebook_netmahib.py,line 298,"assert simulation_audit[""complete_agreement""]"
scripts/update_notebook_netmahib.py,line 299,"print(""OK: mCRL2 and the exhaustive simulation-game oracle agree with every declared audit."")"""""""
scripts/update_notebook_netmahib.py,line 317,"""animal_simulated_by_plant"", ""plant_simulated_by_animal"","
scripts/update_notebook_netmahib.py,line 322,"""weak_bisimulation"", ""weak_bisimulation"", ""not_comparable"""
scripts/update_notebook_netmahib.py,line 341,"Formal relations are nominal and one-way simulation is directional, so no"
scripts/update_notebook_netmahib.py,line 376,"assert not hpn_formal[""weak_bisimilar""].any()"
scripts/update_notebook_netmahib.py,line 420,`left_simulated_by_right` means that the right system matches the left.
scripts/update_notebook_netmahib.py,line 422,helpers. Exact trace equality uses complete path enumeration for the acyclic
scripts/update_notebook_netmahib.py,line 430,"assert example1[""exact_trace_equal""]"
scripts/update_notebook_netmahib.py,line 431,"assert example1[""early_simulated_by_late""]"
scripts/update_notebook_netmahib.py,line 432,"assert not example1[""late_simulated_by_early""]"
scripts/update_notebook_netmahib.py,line 433,"assert not example1[""weak_bisimilar""]"
scripts/update_notebook_netmahib.py,line 444,"""case"", ""left_simulated_by_right"", ""right_simulated_by_left"","
scripts/update_notebook_netmahib.py,line 445,"""weak_bisimilar"", ""exact_trace_equal"", ""independent_oracle_agrees"""
notebooks/metodologia_multiescala.ipynb,"cell 0, line 25",held-out mTOR-inhibitor phosphoproteomic responses. Weak bisimulation is also
notebooks/metodologia_multiescala.ipynb,"cell 0, line 26","compared with trace equality, direct 151-graphlet/592-slot PN-GDDA, a"
notebooks/metodologia_multiescala.ipynb,"cell 0, line 27",transparent structural profile and labelled LTS-GDA. One-way
notebooks/metodologia_multiescala.ipynb,"cell 0, line 28",simulation is independently checked by an attacker--defender game over every
notebooks/metodologia_multiescala.ipynb,"cell 0, line 41",repository: <https://github.com/cero1979/BisimulationMol>.
notebooks/metodologia_multiescala.ipynb,"cell 1, line 27",import simulation_oracle as sim_oracle
notebooks/metodologia_multiescala.ipynb,"cell 3, line 6","""animal_simulated_by_plant"", ""plant_simulated_by_animal"","
notebooks/metodologia_multiescala.ipynb,"cell 3, line 11","""weak_bisimulation"", ""weak_bisimulation"", ""not_comparable"""
notebooks/metodologia_multiescala.ipynb,"cell 3, output 0, line 11",animal_model_states  plant_model_states  animal_simulated_by_plant  \
notebooks/metodologia_multiescala.ipynb,"cell 3, output 0, line 16",plant_simulated_by_animal       formal_class  trace_distance_k6  \
notebooks/metodologia_multiescala.ipynb,"cell 3, output 0, line 17",0                       True  weak_bisimulation           0.000000
notebooks/metodologia_multiescala.ipynb,"cell 3, output 0, line 18",1                       True  weak_bisimulation           0.000000
notebooks/metodologia_multiescala.ipynb,"cell 4, line 6","strongly or weakly equivalent; one-way simulations remain visible as separate,"
notebooks/metodologia_multiescala.ipynb,"cell 5, output 0, line 4",2              label mismatch                    not comparable
notebooks/metodologia_multiescala.ipynb,"cell 5, output 0, line 5",3            label order swap                    not comparable
notebooks/metodologia_multiescala.ipynb,"cell 5, output 0, line 6",4                added branch  reference simulated by candidate
notebooks/metodologia_multiescala.ipynb,"cell 5, output 0, line 7",5  trace-equivalent branching  candidate simulated by reference
notebooks/metodologia_multiescala.ipynb,"cell 5, output 0, line 12",2                    not comparable             0.8                1.000000
notebooks/metodologia_multiescala.ipynb,"cell 5, output 0, line 13",3                    not comparable             0.5                1.000000
notebooks/metodologia_multiescala.ipynb,"cell 5, output 0, line 14",4  reference simulated by candidate             0.1                0.967638
notebooks/metodologia_multiescala.ipynb,"cell 5, output 0, line 15",5  candidate simulated by reference             0.0                0.965731
notebooks/metodologia_multiescala.ipynb,"cell 7, line 7","assert float(baseline.loc[baseline[""method""] == ""weak bisimulation"", ""accuracy""].iloc[0]) == 1.0"
notebooks/metodologia_multiescala.ipynb,"cell 7, line 9","benchmark[""case""] == ""trace-equivalent branching"", ""trace_equivalent_at_k"""
notebooks/metodologia_multiescala.ipynb,"cell 7, output 0, line 2",0           weak bisimulation  1.000000              2              4
notebooks/metodologia_multiescala.ipynb,"cell 7, output 0, line 3",1        trace equality (k=8)  0.833333              2              3
notebooks/metodologia_multiescala.ipynb,"cell 8, line 8",The machine-readable record contains the JAR hash and both numerical scores. The five curated pairs are
notebooks/metodologia_multiescala.ipynb,"cell 9, output 2, line 12",3                       True  one-way simulation
notebooks/metodologia_multiescala.ipynb,"cell 9, output 2, line 13",4                       True      not comparable
notebooks/metodologia_multiescala.ipynb,"cell 10, line 4","mCRL2 202607.0. The comparison covers strong bisimulation, weak bisimulation"
notebooks/metodologia_multiescala.ipynb,"cell 10, line 5",and exact weak-trace equivalence. One-way simulation is checked separately by a
notebooks/metodologia_multiescala.ipynb,"cell 11, line 10",simulation_audit = sim_oracle.exhaustive_simulation_validation(max_states=2)
notebooks/metodologia_multiescala.ipynb,"cell 11, line 17","""python_strong_bisimilar"", ""python_weak_bisimilar"","
notebooks/metodologia_multiescala.ipynb,"cell 11, line 18","""mcrl2_strong_bisimilar"", ""mcrl2_weak_bisimilar"","
notebooks/metodologia_multiescala.ipynb,"cell 11, line 19","""mcrl2_weak_trace_equivalent"", ""all_expected_results_match"""
notebooks/metodologia_multiescala.ipynb,"cell 11, line 22","display(pd.DataFrame([{k: v for k, v in simulation_audit.items() if k != ""counterexamples""}]))"
notebooks/metodologia_multiescala.ipynb,"cell 11, line 28","assert simulation_audit[""complete_agreement""]"
notebooks/metodologia_multiescala.ipynb,"cell 11, line 29","print(""OK: mCRL2 and the exhaustive simulation-game oracle agree with every declared audit."")"
notebooks/metodologia_multiescala.ipynb,"cell 11, output 1, line 7",5  trace-equivalent branching                       True
notebooks/metodologia_multiescala.ipynb,"cell 11, output 2, line 9",expected_weak  python_strong_bisimilar  python_weak_bisimilar  \
notebooks/metodologia_multiescala.ipynb,"cell 11, output 2, line 17",mcrl2_strong_bisimilar  mcrl2_weak_bisimilar  mcrl2_weak_trace_equivalent  \
notebooks/metodologia_multiescala.ipynb,"cell 11, output 5, line 1",OK: mCRL2 and the exhaustive simulation-game oracle agree with every declared audit.
notebooks/metodologia_multiescala.ipynb,"cell 12, line 11","Formal relations are nominal and one-way simulation is directional, so no"
notebooks/metodologia_multiescala.ipynb,"cell 13, line 32","assert not hpn_formal[""weak_bisimilar""].any()"
notebooks/metodologia_multiescala.ipynb,"cell 13, output 1, line 13",0  one_way_simulation  right_simulated_by_left           0.191884
notebooks/metodologia_multiescala.ipynb,"cell 13, output 1, line 14",1      not_comparable   no_simulation_relation           0.306253
notebooks/metodologia_multiescala.ipynb,"cell 13, output 1, line 15",2  one_way_simulation  left_simulated_by_right           0.255898
notebooks/metodologia_multiescala.ipynb,"cell 13, output 1, line 16",3  one_way_simulation  right_simulated_by_left           0.185483
notebooks/metodologia_multiescala.ipynb,"cell 13, output 1, line 17",4      not_comparable   no_simulation_relation           0.200407
notebooks/metodologia_multiescala.ipynb,"cell 13, output 1, line 18",5      not_comparable   no_simulation_relation           0.207070
notebooks/metodologia_multiescala.ipynb,"cell 13, output 1, line 19",6  one_way_simulation  right_simulated_by_left           0.227730
notebooks/metodologia_multiescala.ipynb,"cell 13, output 1, line 20",7  one_way_simulation  left_simulated_by_right           0.275652
notebooks/metodologia_multiescala.ipynb,"cell 13, output 1, line 21",8  one_way_simulation  left_simulated_by_right           0.277565
notebooks/metodologia_multiescala.ipynb,"cell 13, output 2, line 2",0        mTORi      BT20      BT549  one_way_simulation  one_way_simulation
notebooks/metodologia_multiescala.ipynb,"cell 13, output 2, line 4",2        mTORi     BT549       MCF7  one_way_simulation  one_way_simulation
notebooks/metodologia_multiescala.ipynb,"cell 13, output 2, line 5",3   IGF1+mTORi      BT20      BT549  one_way_simulation      not_comparable
notebooks/metodologia_multiescala.ipynb,"cell 13, output 2, line 8",6  4EBP1+mTORi      BT20      BT549  one_way_simulation  one_way_simulation
notebooks/metodologia_multiescala.ipynb,"cell 13, output 2, line 9",7  4EBP1+mTORi      BT20       MCF7  one_way_simulation      not_comparable
notebooks/metodologia_multiescala.ipynb,"cell 13, output 2, line 10",8  4EBP1+mTORi     BT549       MCF7  one_way_simulation  one_way_simulation
notebooks/metodologia_multiescala.ipynb,"cell 13, output 4, line 1","Nominal relation/data summary and continuous diagnostics: {'n_model_pair_conditions': 9, 'n_conditions': 3, 'formal_relation_analysis': 'nominal and direction-preserving descriptive summary', 'formal_class_scalar_encoding_used': False, 'formal_class_inferential_test_performed': False, 'reason_no_formal_class_inference': 'n=9 is too small and directional simulation classes do not define a biologically justified one-dimensional order', 'formal_class_rmse_summary': {'one_way_simulation': {'n': 6, 'rmse_min': 0.18548338629376107, 'rmse_median': 0.24181422976946154, 'rmse_max': 0.2775650222375332}, 'not_comparable': {'n': 3, 'rmse_min': 0.2004067518442206, 'rmse_median': 0.20707024211425681, 'rmse_max': 0.30625328009383596}}, 'relation_direction_rmse_summary': {'left_simulated_by_right': {'n': 3, 'rmse_min': 0.25589837040251756, 'rmse_median': 0.27565206422635075, 'rmse_max': 0.2775650222375332}, 'right_simulated_by_left': {'n': 3, 'rmse_min': 0.18548338629376107, 'rmse_median': 0.19188439022318077, 'rmse_max': 0.2277300891364055}, 'no_simulation_relation': {'n': 3, 'rmse_min': 0.2004067518442206, 'rmse_median': 0.20707024211425681, 'rmse_max': 0.30625328009383596}}, 'trace_distance_spearman_rho': -0.595879571531124, 'trace_distance_exact_permutation_p_one_sided': 0.5555555555555556, 'graphlet_distance_spearman_rho': 0.6694619270045784, 'graphlet_distance_exact_permutation_p_one_sided': 0.09722222222222222, 'null_permutations': 216, 'continuous_formal_diagnostic': 'weak observable trace Jaccard distance at k=6', 'structural_baseline_metric': 'one minus LTS-GDA similarity', 'experimental_metric': 'RMSE over common post-zero held-out values'}"
notebooks/metodologia_multiescala.ipynb,"cell 16, line 3",`left_simulated_by_right` means that the right system matches the left.
notebooks/metodologia_multiescala.ipynb,"cell 16, line 5",helpers. Exact trace equality uses complete path enumeration for the acyclic
notebooks/metodologia_multiescala.ipynb,"cell 17, line 5","assert example1[""exact_trace_equal""]"
notebooks/metodologia_multiescala.ipynb,"cell 17, line 6","assert example1[""early_simulated_by_late""]"
notebooks/metodologia_multiescala.ipynb,"cell 17, line 7","assert not example1[""late_simulated_by_early""]"
notebooks/metodologia_multiescala.ipynb,"cell 17, line 8","assert not example1[""weak_bisimilar""]"
notebooks/metodologia_multiescala.ipynb,"cell 17, line 19","""case"", ""left_simulated_by_right"", ""right_simulated_by_left"","
notebooks/metodologia_multiescala.ipynb,"cell 17, line 20","""weak_bisimilar"", ""exact_trace_equal"", ""independent_oracle_agrees"""
notebooks/metodologia_multiescala.ipynb,"cell 17, output 0, line 4","'direction_convention': 'left_simulated_by_right means left <=_w right; right matches left',"
notebooks/metodologia_multiescala.ipynb,"cell 17, output 0, line 5","'strong_bisimilar': False,"
notebooks/metodologia_multiescala.ipynb,"cell 17, output 0, line 6","'weak_bisimilar': False,"
notebooks/metodologia_multiescala.ipynb,"cell 17, output 0, line 7","'left_simulated_by_right': False,"
notebooks/metodologia_multiescala.ipynb,"cell 17, output 0, line 8","'right_simulated_by_left': True,"
notebooks/metodologia_multiescala.ipynb,"cell 17, output 0, line 9","'independent': {'strong_bisimilar': False,"
notebooks/metodologia_multiescala.ipynb,"cell 17, output 0, line 10","'weak_bisimilar': False,"
notebooks/metodologia_multiescala.ipynb,"cell 17, output 0, line 11","'left_simulated_by_right': False,"
notebooks/metodologia_multiescala.ipynb,"cell 17, output 0, line 12","'right_simulated_by_left': True},"
notebooks/metodologia_multiescala.ipynb,"cell 17, output 0, line 14","'exact_trace_equal': True,"
notebooks/metodologia_multiescala.ipynb,"cell 17, output 0, line 20","'early_simulated_by_late': True,"
notebooks/metodologia_multiescala.ipynb,"cell 17, output 0, line 21","'late_simulated_by_early': False,"
notebooks/metodologia_multiescala.ipynb,"cell 17, output 0, line 28","'contains_initial_pair': True,"
notebooks/metodologia_multiescala.ipynb,"cell 17, output 1, line 3",1  mutual_not_bisimilar  a.(b+c)+a.b   late-choice
notebooks/metodologia_multiescala.ipynb,"cell 17, output 1, line 4",2     traces_not_mutual  late-choice  early-choice
notebooks/metodologia_multiescala.ipynb,"cell 17, output 1, line 7",0  left_simulated_by_right means left <=_w right; right matches left
notebooks/metodologia_multiescala.ipynb,"cell 17, output 1, line 8",1  left_simulated_by_right means left <=_w right; right matches left
notebooks/metodologia_multiescala.ipynb,"cell 17, output 1, line 9",2  left_simulated_by_right means left <=_w right; right matches left
notebooks/metodologia_multiescala.ipynb,"cell 17, output 1, line 11",strong_bisimilar  weak_bisimilar  left_simulated_by_right  \
notebooks/metodologia_multiescala.ipynb,"cell 17, output 1, line 16",right_simulated_by_left  independent_oracle_agrees  exact_trace_equal  \
notebooks/metodologia_multiescala.ipynb,"cell 17, output 2, line 1",case  left_simulated_by_right  \
notebooks/metodologia_multiescala.ipynb,"cell 17, output 2, line 29",right_simulated_by_left  weak_bisimilar  exact_trace_equal  \
notebooks/metodologia_multiescala.ipynb,"cell 17, output 3, line 5","'weak_bisimilar_pairs': 41080,"
notebooks/metodologia_multiescala.ipynb,"cell 17, output 3, line 7","'simulation_reflexive': True,"
notebooks/metodologia_multiescala.ipynb,"cell 17, output 3, line 8","'simulation_transitive': True,"
notebooks/metodologia_multiescala.ipynb,"cell 17, output 3, line 10","'search_counts': {'mutual_without_bisimulation': 4848,"
notebooks/metodologia_multiescala.ipynb,"cell 17, output 3, line 11","'one_way_with_equal_traces': 0,"
notebooks/metodologia_multiescala.ipynb,"cell 17, output 3, line 12","'equal_traces_without_bisimulation': 4848},"
notebooks/metodologia_multiescala.ipynb,"cell 17, output 3, line 13","'first_witnesses': {'mutual_without_bisimulation': {'left': 'exhaustive-1-1',"
notebooks/metodologia_multiescala.ipynb,"cell 17, output 3, line 17","'equal_traces_without_bisimulation': {'left': 'exhaustive-1-1',"
notebooks/metodologia_multiescala.ipynb,"cell 27, line 4","behaviour: strong bisimulation, **weak** bisimulation (abstracts `τ`), the"
notebooks/metodologia_multiescala.ipynb,"cell 27, line 5","**simulation** preorders, and the **behavioural distance** (Jaccard of weak"
notebooks/metodologia_multiescala.ipynb,"cell 29, line 2","print(""strong bisimulation :"", cbm.strong_bisimilar(lts_h, lts_a))"
notebooks/metodologia_multiescala.ipynb,"cell 29, line 3","print(""weak bisimulation   :"", cbm.weak_bisimilar(lts_h, lts_a))"
notebooks/metodologia_multiescala.ipynb,"cell 29, line 4","print(""plant  <= animal    :"", cbm.weak_simulates(lts_a, lts_h))"
notebooks/metodologia_multiescala.ipynb,"cell 29, line 5","print(""animal <= plant     :"", cbm.weak_simulates(lts_h, lts_a))"
notebooks/metodologia_multiescala.ipynb,"cell 29, line 8","print(""-> NOT strongly bisimilar (internal SMR/tau events differ) but WEAKLY"")"
notebooks/metodologia_multiescala.ipynb,"cell 29, line 9","print(""   bisimilar: the same observable behaviour through the interface."")"
notebooks/metodologia_multiescala.ipynb,"cell 29, output 0, line 2",strong bisimulation : False
notebooks/metodologia_multiescala.ipynb,"cell 29, output 0, line 3",weak bisimulation   : True
notebooks/metodologia_multiescala.ipynb,"cell 29, output 0, line 8",-> NOT strongly bisimilar (internal SMR/tau events differ) but WEAKLY
notebooks/metodologia_multiescala.ipynb,"cell 29, output 0, line 9",bisimilar: the same observable behaviour through the interface.
notebooks/metodologia_multiescala.ipynb,"cell 30, line 3",A system is weakly bisimilar to itself; strong bisimilarity implies weak; and if
notebooks/metodologia_multiescala.ipynb,"cell 31, line 2","assert cbm.weak_bisimilar(lts_h, lts_h)"
notebooks/metodologia_multiescala.ipynb,"cell 31, line 5","assert cbm.strong_bisimilar(lts_h, lts_h) and cbm.weak_bisimilar(lts_h, lts_h)"
notebooks/metodologia_multiescala.ipynb,"cell 31, line 14","assert not cbm.weak_bisimilar(lts_h, lts_broken)"
notebooks/metodologia_multiescala.ipynb,"cell 31, line 18","""| weak bisimilar ="", cbm.weak_bisimilar(lts_h, lts_broken))"
notebooks/metodologia_multiescala.ipynb,"cell 31, output 0, line 2",Broken interface -> distance = 0.8 | weak bisimilar = False
notebooks/metodologia_multiescala.ipynb,"cell 32, line 3",Verdict rule: *weak bisimulation* ⇒ comparable; *simulation one way* ⇒ partial;
notebooks/metodologia_multiescala.ipynb,"cell 32, line 4",otherwise ⇒ not comparable.
notebooks/metodologia_multiescala.ipynb,"cell 33, line 3","[""module"", ""strong_bisimilar"", ""weak_bisimilar"","
notebooks/metodologia_multiescala.ipynb,"cell 33, line 4","""plant_simulated_by_animal"", ""animal_simulated_by_plant"","
notebooks/metodologia_multiescala.ipynb,"cell 33, line 6","tab.columns = [""Module"", ""Strong bisim."", ""Weak bisim."","
notebooks/metodologia_multiescala.ipynb,"cell 33, output 0, line 1",Module  Strong bisim.  Weak bisim.  Plant<=Animal  Animal<=Plant  Distance  \
notebooks/metodologia_multiescala.ipynb,"cell 33, output 0, line 9",0                     Comparable (weak bisimulation)
notebooks/metodologia_multiescala.ipynb,"cell 33, output 0, line 10",1                     Comparable (weak bisimulation)
notebooks/metodologia_multiescala.ipynb,"cell 33, output 0, line 11",2                     Comparable (weak bisimulation)
notebooks/metodologia_multiescala.ipynb,"cell 33, output 0, line 12",3  Partial: sub-mechanism simulated (plant ⊑ animal)
notebooks/metodologia_multiescala.ipynb,"cell 33, output 0, line 13",4                                     Not comparable
notebooks/metodologia_multiescala.ipynb,"cell 34, line 3","if c.weak_bisimilar: colors.append(""#4a9b5e"")"
notebooks/metodologia_multiescala.ipynb,"cell 34, line 4","elif c.plant_simulated_by_animal or c.animal_simulated_by_plant: colors.append(""#c9a227"")"
notebooks/metodologia_multiescala.ipynb,"cell 34, line 10","tag = (""~ bisim."" if c.weak_bisimilar else"
notebooks/metodologia_multiescala.ipynb,"cell 34, line 11","(""simul."" if (c.plant_simulated_by_animal or c.animal_simulated_by_plant)"
notebooks/metodologia_multiescala.ipynb,"cell 35, line 4",content. Because inserting a silent step preserves the weak‑bisimulation class
notebooks/metodologia_multiescala.ipynb,"cell 35, line 8",bisimulation).
notebooks/metodologia_multiescala.ipynb,"cell 36, line 3","display(rob[[""module"", ""base_verdict"", ""frac_bisim_preserved"","
notebooks/metodologia_multiescala.ipynb,"cell 36, output 0, line 2",0    GIM                     Comparable (weak bisimulation)
notebooks/metodologia_multiescala.ipynb,"cell 36, output 0, line 3",1    DCE                     Comparable (weak bisimulation)
notebooks/metodologia_multiescala.ipynb,"cell 36, output 0, line 4",2    SPS                     Comparable (weak bisimulation)
notebooks/metodologia_multiescala.ipynb,"cell 36, output 0, line 5",3    RCD  Partial: sub-mechanism simulated (plant ⊑ animal)
notebooks/metodologia_multiescala.ipynb,"cell 36, output 0, line 6",4    AID                                     Not comparable
notebooks/metodologia_multiescala.ipynb,"cell 36, output 0, line 8",frac_bisim_preserved  frac_verdict_preserved    n
notebooks/metodologia_multiescala.ipynb,"cell 39, line 5","leaving the control-flow skeleton untouched. In the weakly bisimilar modules,"
notebooks/metodologia_multiescala.ipynb,"cell 39, line 7",bisimilarity and increase distance.
notebooks/metodologia_multiescala.ipynb,"cell 40, line 6","""delta_distance"", ""verdict_changed"", ""weak_bisimilar_after""]])"
notebooks/metodologia_multiescala.ipynb,"cell 40, line 8",weak_modules = {c.module for c in res if c.weak_bisimilar}
notebooks/metodologia_multiescala.ipynb,"cell 40, line 11","assert (~weak_iface[""weak_bisimilar_after""]).all()"
notebooks/metodologia_multiescala.ipynb,"cell 40, line 12","print(""OK: every observable label in weakly bisimilar modules is consequential."")"
notebooks/metodologia_multiescala.ipynb,"cell 40, output 0, line 28",verdict_changed  weak_bisimilar_after
notebooks/metodologia_multiescala.ipynb,"cell 40, output 1, line 1",OK: every observable label in weakly bisimilar modules is consequential.
notebooks/metodologia_multiescala.ipynb,"cell 45, line 3",Hypothesis: the only thing preventing weak bisimilarity of RCD is the absence of a
notebooks/metodologia_multiescala.ipynb,"cell 46, line 8","print(""RCD original  — weak bisimilar:"","
notebooks/metodologia_multiescala.ipynb,"cell 46, line 9","cbm.weak_bisimilar(lts_rcd_h, cbm.death_plant().reachability_lts()))"
notebooks/metodologia_multiescala.ipynb,"cell 46, line 10","print(""RCD patched   — weak bisimilar:"","
notebooks/metodologia_multiescala.ipynb,"cell 46, line 11","cbm.weak_bisimilar(lts_rcd_h, patched.reachability_lts()))"
notebooks/metodologia_multiescala.ipynb,"cell 46, output 0, line 1",RCD original  — weak bisimilar: False
notebooks/metodologia_multiescala.ipynb,"cell 46, output 0, line 2",RCD patched   — weak bisimilar: True
notebooks/metodologia_multiescala.ipynb,"cell 48, line 2","display(gen[[""organism"", ""strong_bisimilar"", ""weak_bisimilar"", ""distance"", ""verdict""]])"
notebooks/metodologia_multiescala.ipynb,"cell 48, line 5","assert not bool(control[""weak_bisimilar""])"
notebooks/metodologia_multiescala.ipynb,"cell 48, line 9","M = np.array([[int(r.strong_bisimilar), int(r.weak_bisimilar)]"
notebooks/metodologia_multiescala.ipynb,"cell 48, line 13","ax.set_xticks([0, 1]); ax.set_xticklabels([""Strong bisim."", ""Weak bisim.""])"
notebooks/metodologia_multiescala.ipynb,"cell 48, line 23","print(""Mouse is strongly bisimilar (near-identical mammalian circuit); yeast and"")"
notebooks/metodologia_multiescala.ipynb,"cell 48, line 24","print(""Arabidopsis are weakly bisimilar (comparable through the interface despite"")"
notebooks/metodologia_multiescala.ipynb,"cell 48, line 26","print(""not comparable, so shared labels alone are not enough. This is a"")"
notebooks/metodologia_multiescala.ipynb,"cell 48, output 0, line 1",organism  strong_bisimilar  weak_bisimilar  distance  \
notebooks/metodologia_multiescala.ipynb,"cell 48, output 0, line 9",1            Comparable (weak bisimulation)
notebooks/metodologia_multiescala.ipynb,"cell 48, output 0, line 10",2            Comparable (weak bisimulation)
notebooks/metodologia_multiescala.ipynb,"cell 48, output 0, line 11",3                            Not comparable
notebooks/metodologia_multiescala.ipynb,"cell 48, output 3, line 1",Mouse is strongly bisimilar (near-identical mammalian circuit); yeast and
notebooks/metodologia_multiescala.ipynb,"cell 48, output 3, line 2",Arabidopsis are weakly bisimilar (comparable through the interface despite
notebooks/metodologia_multiescala.ipynb,"cell 48, output 3, line 4","not comparable, so shared labels alone are not enough. This is a"
notebooks/metodologia_multiescala.ipynb,"cell 49, line 3",- Central GIM result: fixed PN-GDDA 0.9976; weak bisimilarity at A/B; neither
notebooks/metodologia_multiescala.ipynb,"cell 49, line 4",simulation direction at C. This is a conditional model/readout boundary.
notebooks/metodologia_multiescala.ipynb,"cell 49, line 5",- The second-round quantifier audit retains Example 1: early is simulated by
notebooks/metodologia_multiescala.ipynb,"cell 49, line 6","late, not conversely, despite exact trace equality. All three hierarchy"
notebooks/metodologia_multiescala.ipynb,"cell 49, line 12","- The independent weak-simulation game agrees on all 67,600 ordered pairs among"
notebooks/metodologia_multiescala.ipynb,"cell 49, line 19",perturbations. Python and mCRL2 agree on all decisions: six pairs have one-way
notebooks/metodologia_multiescala.ipynb,"cell 49, line 20",simulation and three are not comparable.
notebooks/metodologia_multiescala.ipynb,"cell 49, line 25",- Weak bisimulation gives the correct binary equivalence decision in every case;
notebooks/metodologia_multiescala.ipynb,"cell 49, line 26","trace equality scores 5/6, LTS-GDA 4/6, the structural profile 3/6 and direct"
notebooks/metodologia_multiescala.ipynb,"cell 49, line 33",one-way simulations become non-comparability. LTS-GDA distance has
notebooks/metodologia_multiescala.ipynb,"cell 49, line 40",interfaces. Interfaces A (coarse) and B (pathway-level) are weakly bisimilar
